abate,[ә'beit],vt.使(数量、程度等)减少，减轻，除去，缓和，打折扣,vi.(数量、程度等)减少，减轻，失效，缓和，(法令等)被废除
abdomen,['æbdәmәn; æb'dәumәn],n.腹，腹部
abhor,[әb'ho:],vt.憎恶，痛恨
abominable,[ә'bominәbl],adj.讨厌的，令人憎恶的
absorption,[әb'so:p∫әn],n.吸收
abstract,['æbstrækt],n.摘要，概要，抽象,adj.抽象的，深奥的，理论的,vt.摘要，提炼，抽象化
absurdity,[әb'sә:diti],n.荒谬，谬论
abyss,[ә'bis],n.深渊
academic,[˛ækә'demik],adj.学院的，理论的
acceptable,[әk'septәbl],adj.可接受的，合意的
accessible,[әk'sesәbl],adj.易接近的，可到达的，易受影响的，可理解的
accessory,[æk'sesәri],n.附件，零件，附加物，从犯，同谋者,adj.附属的，补充的，同谋的，副的
accidental,[˛æksi'dentl],adj.意外的，非主要的，附属的,n.非本质属性，次要方面
accommodation,[ә˛komә'dei∫әn],n.住处，膳宿，(车，船，飞机等的)预定铺位，(眼睛等的)适应性调节，(社会集团间的)迁就融合
accompaniment,[ә'kΛmpәnimәnt],n.陪伴物，伴奏
accomplished,[ә'kompli∫t],adj.完成的，熟练的，多才多艺的
accurately,[],adv.正确地，精确地
accursed,[ә'kә:sid],adj.被咒的，可憎的
accusation,[ækju(:)'zei∫әn],n.谴责，[律]指控
acquit,[ә'kwit],vt.宣告无罪，脱卸义务和责任，还清(债务)
actively,['æktivli],adv.活跃地，积极地
adaptation,[˛ædæp'tei∫әn],n.适应，改编，改写本
adieu,[ә'dju:],int.n.再见，再会
adjacent,[ә'dӡeisәnt],adj.邻近的，接近的
adjective,['ædӡiktiv],n.形容词
administrative,[әd'ministrәtiv],adj.管理的，行政的
admirer,[әd'maiәrә(r)],n.景慕者，赞赏者，敬慕者
admonish,[әd'moni∫],vt.劝告，训诫，警告
ado,[ә'du:],n.纷扰，忙乱,abbr.[军] Advanced Development Objective，高级发展目标
advancement,[әd'vα:nsmәnt],n.前进，进步
advent,['ædvәnt],n.(尤指不寻常的人或事)出现，到来
adventurer,[әd'vent∫әrә(r)],n.冒险家
adventurous,[әd'vent∫әrәs],adj.喜欢冒险的，敢做敢为的，充满危险的
adversary,['ædvәsәri],n.敌手，对手
adverse,['ædvә:s],adj.不利的，敌对的，相反的
adversity,[әd'vә:siti],n.不幸，灾祸，逆境
aerial,['єәriәl],adj.航空的，生活在空气中的，空气的，高耸的,n.天线
afflict,[ә'flikt],vt.使痛苦，折磨
affright,[ә'frait],vt.惊吓,n.恐怖
afloat,[ә'flәut],adj.adv.飘浮的，在海上的，传播的
afoot,[ә'fut],adj.徒步的，准备中，进行中的,adv.在准备中，在进行中
afore,[ә'fo:],adv.prep.在前
aggravate,['ægrәveit],vt.使恶化，加重
aggregate,['ægrigeit],n.合计，总计，集合体,adj.合计的，集合的，聚合的,v.聚集，集合，合计
aggressive,[ә'gresiv],adj.好斗的，敢作敢为的，有闯劲的，侵略性的
agitate,['ædӡiteit],v.搅动，摇动，煽动，激动
agonize,['ægәnaiz],vt.使极度痛苦，折磨,vi.感到极度痛苦
ail,[eil],vt.折磨，使疼痛，使烦恼
ailment,['eilmәnt],n.疾病(尤指微恙)，不宁，不安
airship,['єә∫ip],n.飞艇，飞船
airy,['єәri],adj.空气的，空中的，通风的，轻快的，空想的
Alabama,[˛ælә'bæmә],n.阿拉巴马州(美国的一个州)
alcoholic,[˛ælkә'holik],adj.含酒精的,n.酗酒者，酒鬼
alder,['o:ldә(r)],n.[植]桤木
alderman,['o:ldәmәn],n.市府参事，市议员
Alexandria,[˛ælig'zα:ndriә],n.亚历山大大帝
allay,[ә'lei],vt.减轻，减少
alligator,['æligeitә],n.产于美洲的鳄鱼
allot,[ә'lot],vt.(按份额)分配，分派
allude,[ә'lju:d],vi.暗指，影射，间接提到
alluring,[ә'ljuәriŋ],adj.迷人的，吸引人的，诱惑的
allusion,[ә'l(j)u:ӡәn],n.提及，暗示
almanac,['o:lmәnæk; 'omәnik 'olmә˛næk;],n.历书，年鉴
almighty,[o:l'maiti],adj.全能的
almond,['α:mәnd],n.[植]杏树，杏仁，杏仁壮物
aloft,[ә'loft],adv.在高处，在上
aloof,[ә'lu:f],adv.避开，远离,adj.孤零的，冷淡的
alpine,['ælpain],adj.高山的，阿尔卑斯山的
Alps,[ælps],n.阿尔卑斯山
alteration,[˛o:ltә'rei∫әn],n.变更，改造
alternately,[],adv.交替地，隔一个地
alternative,[o:l'tә:nәtiv],n.二中择一，可供选择的办法，事物,adj.选择性的，二中择一的
aluminum,[ә'lju:minәm],n.[化]铝
Amazon,['æmәzәn],n.亚马逊河(南美洲大河)
amber,['æmbә],n.琥珀,adj.琥珀制的，琥珀色(黄色)的
ambulance,['æmbjulәns],n.战时流动医院，救护车
ambush,['æmbu∫],n.埋伏，伏兵,v.埋伏
amend,[ә'mend],v.修正，改进，改正
amiable,['eimjәbl],adj.亲切的，和蔼可亲的
amidst,[ә'midst],prep.在...当中
amiss,[ә'mis],adj.有毛病的，出差错的,adv.错误的
ammonia,['æmәunjә],n.[化]氨，氨水
ammunition,[˛æmju'ni∫әn],n.军火，弹药
anatomy,[ә'nætәmi],n.剖析，解剖学
ancestral,[æn'sestrәl],adj.祖先的，祖传的
anecdote,['ænikdәut],n.轶事，奇闻
anemone,[ә'nemәni],n.[植]银莲花，[动]海葵
anew,[ә'nju:],adv.重新，再
angle,['æŋgl],n.[数]角，角落,vi.钓鱼，追逐
annal,[`ænәl],n.记录
annex,[ә'neks],n.附件,vt.并吞，附加
annihilate,[ә'naiәleit],vt.消灭，歼灭
anniversary,[˛æni'vә:sәri],n.周年纪念
annoyance,[ә'noiәns],n.烦恼，可厌之事
anoint,[ә'noint],vt.涂以油或软膏，施以涂油礼
antagonist,[æn'tægәnist],n.敌手，对手
antelope,['æntilәup],n.羚羊
anthracite,['ænθrәsait],n.无烟煤
anticipation,[˛æntisi'pei∫әn],n.预期，预料
antique,[æn'ti:k],n.古物，古董,adj.古时的，过时的
antiquity,[æn'tikwiti],n.古代，古老，古代的遗物
antler,['æntlә],n.鹿角，茸角
anvil,['ænvil],n.[解]砧骨
aperture,['æpәtjuә],n.孔，穴，缝隙，(照相机，望远镜等的)光圈，孔径
apiece,[ә'pi:s],adv.每个，每人，各
apology,[ә'polәdӡi],n.(为某种思想，宗教，哲学等)辩解，道歉
apostle,[ә'posl],n.使徒(指耶稣十二使徒)，传道者，最初的传道者
appall,[ә'po:l],vt.使胆寒，使惊骇
appalling,[ә'po:liŋ],adj.令人震惊的，骇人听闻的
appease,[ә'pi:z],vt.平息，安抚，缓和，使满足
appendix,[ә'pendiks],n.附录，附属品，[解]阑尾
applaud,[ә'plo:d],v.拍手喝彩，称赞，赞同
appliance,[ә'plaiәns],n.用具，器具
apprehend,[˛æpri'hend],v.领会理解
apprentice,[ә'prentis],n.学徒,v.当学徒
appropriation,[ә˛prәupri'ei∫әn],n.据为己有，占有，挪用(只指定用途的一笔)，拨款
approximate,[ә'proksimeit],adj.近似的，大约的,v.近似，接近，接近，约计
apricot,['eiprikot],n.杏，杏树
Arabia,[ә'reibjә],n.阿拉伯半岛
arbitrary,['α:bitrәri],adj.任意的，武断的，独裁的，专断的
arbor,['α:bә],n.树阴处，(树枝等形成的)藤架，凉亭，[植]树，乔木
arc,[α:k],n.弧，弓形，拱
architectural,[˛α:ki'tekt∫әrәl],adj.建筑上的，建筑学的
ardent,['α:dәnt],adj.热心的，热情洋溢的，激烈的，燃烧般的
ardour,['α:dә],n.热心，热情，情欲，激情，灼热
arduous,['α:djuәs],adj.费劲的，辛勤的，险峻的
arena,[ә'ri:nә],n.竞技场，舞台
Argentina,[˛α:dӡәn'ti:nә],n.阿根廷(南美洲南部国家),n.阿根廷(南美洲国家)
Argentine,['α:dӡәntain],n.银，银色素，银色工艺材料,adj.银的，银色的,n.阿根廷人,adj.阿根廷的
arisen,[],adj.兴起的，出现的
aristocracy,[˛æris'tokrәsi],n.贵族，贵族政府，贵族统治
aristocrat,['æristәkræt],n.贵族
aristocratic,[˛æristә'krætik],adj.贵族的，贵族化的，贵族政治的
arithmetic,[ә'riθmәtik],n.算术，算法
ark,[α:k],n.方舟，约柜，箱子
Arkansas,['α:kәnso:],n.阿肯色州(美国中南部的州)
armament,['α:mәmәnt],n.军备，武器
armchair,['α:mt∫єә],n.扶手椅子
armistice,['α:mistis],n.停战，休战
armlet,['α:mlit],n.臂环，臂章，小海湾
arrogate,['ærәugeit],v.冒称
arroyo,[ә'roiәu],n.干枯的河床，峡谷，小河
artery,['α:tәri],n.动脉，要道
artisan,[α:ti'zæn; (?@) α:rtizn],n.工匠，技工
ascribe,[әs'kraib],vt.归因于，归咎于
Asiatic,[˛ei∫i'ætik],n.亚洲人,adj.亚洲(人)的
asparagus,[әs'pærәgәs],n.[植]芦笋
asphalt,['æsfælt],n.沥青
aspiration,[˛æspә'rei∫әn],n.热望，渴望
aspire,[әs'paiә],vi.热望，立志
assailant,[ә'seilәnt],n.攻击者
assay,[ә'sei],n.化验,v.化验
assertion,[ә'sә:∫әn],n.主张，断言，声明
asset,['æset],n.资产，有用的东西
assuredly,[ә'∫uәridli],adv.确实地，确信地
astray,[әs'trei],adv.迷途地，入歧途地
astronomy,[ә'stronәmi],n.天文学
asunder,[ә'sΛndә(r)],adv.分离，成碎片
athlete,['æθli:t],n.运动员，运动选手
athletics,[æθ'letiks],n.运动
Atlanta,[әt'læntә],亚特兰大[美国佐治亚州首府]
atmospheric,[˛ætmәs'ferik],adj.大气的
attachment,[ә'tæt∫mәnt],n.附件，附加装置，配属
attest,[ә'test],v.证明
attorney general,[],n.首席检察官，司法部长
auction,['o:k∫әn],n.拍卖,vt.拍卖
audacity,[o:'dæsiti],n.大胆，厚颜
audible,['o:dәbl],adj.听得见的
augment,[o: g'ment],v.增加，增大,n.增加
austere,[os'tiә],adj.严峻的，严厉的，操行上一丝不苟的，简朴的
authentic,[o:'θentik],adj.可信的
authoritative,[o:'θoritәtiv],adj.权威的，有权威的，命令的
auto,['o:tәu],n.<美口>汽车
automatically,[o:tә'mætikli],adv.自动地，机械地
aver,[ә'vә:],vt.断言，主张
avert,[ә'vә:t],v.转移
aviation,[˛eivi'ei∫әn],n.飞行，航空，航空学，航空术
aviator,['eivieitә],n.飞行员，飞行家
awkwardly,[],adv.笨拙地，无技巧地
axis,['æksis],n.轴
axle,['æksl],n.轮轴，车轴
azure,['æӡә],n.天蓝色，苍天，碧空,adj.蔚蓝的
babble,['bæbl],v.呀呀学语，喋喋不休，作潺潺声，泄露(秘密),n.儿语，胡言乱语，潺潺声
babe,[beib],n.小孩，缺乏经验的人
backbone,['bækbәun],n.脊椎，中枢，骨干，支柱，意志力，勇气，毅力，决心
bacteria,[bæk'tiәriә],n.细菌
badge,[bædӡ],n.徽章，证章
baffle,['bæfl],vt.困惑，阻碍，为难
Bagdad,[`bægdæd],n.巴格达
bail,[beil],n.保释，保证金，保证人,v.保释，舀水
balcony,['bælkәni],n.阳台，包厢，(戏院)楼厅
bald,[bo:ld],adj.光秃的，单调的，枯燥的
bale,[beil],n.大包，大捆，(指标准量货物，如稻草，麦杆)货物,vt.打包，捆包，包装，灾难，痛苦，悲哀
balm,[bα:m],n.(止痛或疗伤的)香油，香膏，安慰物
balmy,['bα:mi],adj.芳香的，温和的，止痛的，(空气)温和的
bandit,['bændit],n.强盗
bane,[bein],n.毒药，祸害
banishment,[],n.放逐，驱逐
banking,['bæŋkiŋ],n.银行业
bankrupt,['bæŋkrΛpt],n.破产者,adj.破产了的，完全丧失,vt.使破产
bankruptcy,['bæŋkrәp(t)si],n.破产
baptism,['bæptizәm],n.浸洗，[喻]洗礼，严峻考验
Baptist,['bæptist],n.施洗约翰，施洗者，浸信会教友
barbarian,[bα:'bєәriәn],n.粗鲁无礼的人，野蛮人,adj.野蛮的，粗鲁的
barbarous,['bα:bәrәs],adj.野蛮的，残暴的，粗野的，(声音)刺耳的，沙哑的
bard,[bα:d],n.吟游诗人
barefooted,[beә'futid],adj.光着脚的,adv.未戴帽地
barton,['bα:tn],n.农家的庭院
basement,['beismәnt],n.地下室，墙脚
bashful,['bæ∫ful],adj.害羞的
basic,['beisik],n.基本，要素，基础,adj.基本的，碱性的,n.[计]BASIC语言，基本高级语言
bass,[beis],n.低音部，男低音，低音乐器,adj.低音的
bathroom,['bα:θru:m],n.浴室，盥洗室
battalion,[bә'tæljәn],n.军营，军队
battleship,['bæt(ә)l∫ip],n.战舰
bawl,[bo:l],n.叫骂声,v.大叫
bayonet,['beiәnit],n.刺刀
beau,[bәu],n.喜修饰者，纨绔子弟，情郎，求爱者
beautifully,[],adv.美好地，漂亮地
bedside,['bedsaid],n.床旁,adj.床旁的，枕边的
bedtime,[],n.就寝时间
befallen,[],v.发生，降临，落到
befell,[],vbl.降临，发生，落到
beforehand,[bi'fo:hænd],adv.预先
befriend,[bi'frend],vt.待人如友，帮助
beginner,[bi'ginә],n.初学者
beguile,[bi'gail],vt.诱骗，诱惑
Belgian,['beldӡәn],n.比利时人,adj.比利时的
believer,[bi'li:vә],n.信徒
belongings,[bi'loŋiŋz],n.财产，所有物，相关事物，亲戚
beneficial,[beni'fi∫әl],adj.有益的，受益的，[法律]有使用权的,adj.有益的，得利的，[律]有使用权的
bequeath,[bi'kwi:ð],vt.遗赠，遗留，把...传下去
beset,[bi'set],v.困扰
besought,[bi'so:t],vbl.beseech的过去式和过去分词
beverage,['bevә ridӡ],n.饮料
bewail,[bi'weil],v.悲悼，哀泣，叹惜
bewitch,[bi'wit∫],vt.施魔法于，蛊惑，迷人
bias,['baiәs],n.偏见，偏爱，斜线,vt.使存偏见
bib,[bib],n.工作服的上部，围兜，口水兜,v.(使)过多喝酒
bide,[baid],v.居住，滞留，忍受
billow,['bilәu],n.巨浪，波浪般滚滚向前的东西,v.翻腾
bin,[bin],n.箱柜,[计] 二进制文件的扩展名
binding,['baindiŋ],n.装订，捆绑，捆绑物，粘合物
biography,[bai'ogrәfi],n.传记
biology,[bai'olәdӡi],n.生物学，生物(总称)
birdie,['bә:di],n.小鸟
Birmingham,['bә:miŋә m],n.伯明翰(城市名，有二，其一在美国阿拉巴马州中北部，另一在英格兰中部)
birthplace,['bә:θpleis],n.诞生地
bitten,['bitn],vbl.咬
bituminous,[bi'tju:minәs],adj.含沥青的
blackberry,[`blækbәri],n.黑莓
blackbird,['blæbә:d],n.山鸟类
blacken,['blækәn],v.使变黑，诽谤,变黑
blackness,['blæknis],n.黑色，阴险
bleach,[bli:t∫],v.漂白，变白
bleak,[bli:k],adj.寒冷的，阴冷的，荒凉的，凄凉的，黯淡的
bleat,[bli:t],n.叫声,v.低声诉说
blessed,['blesid],adj.受祝福的
blest,[blest],adj.神圣的，成功的，幸福的
blight,[blait],n.枯萎病，不良影响，打击,vt.破坏，使枯萎
blindly,['blaindli],adv.盲目地，摸索地
blindness,['blaindnis],n.失明，文盲，愚昧，轻举妄动，盲目性
blister,['blistә],n.水泡
blockade,[blo'keid],n.阻塞,vt.封锁
blooming,['blu:miŋ],adj.盛开的
blouse,[blauz],n.宽松的上衣，似衬衫的上衣
bluebird,['blu:bә:d],n.北美产的蓝知更鸟
blunt,[blΛnt],adj.钝的，生硬的
blur,[blә:],v.涂污，污损(名誉等)，把(界线，视线等)弄得模糊不清，弄污,n.污点
boarder,['bo:dә],n.寄膳者，寄膳宿者，寄宿生
boatman,['bәutmәn],n.船夫
bodily,['bodili],adj.身体的,adv.肉体上，亲自地，全部
bog,[bog],n.沼泽,<英俚>厕所,vt.使陷于泥沼,vi.陷于泥沼
boldness,[],n.大胆，冒失，勇敢
Bolivia,[bә'liviә],n.玻利维亚(南美洲西部国家)
bondage,['bondidӡ],n.奴役，束缚
bonny,['boni],adj.漂亮的，健美的
bonus,['bәunәs],n.奖金，红利
booklet,['buklit],n.小册子
booty,['bu:ti],n.战利品，获得之物
borough,['bΛrә],n.自治的市镇，区
boulder,['bәuldә],n.大石头，漂石
boundless,['baundlis],adj.无限的，无边无际的
bouquet,['bu(:)kei; bu'kei],n.花束
bout,[baut],n.一回，一场，回合，较量,vt.来回耕
bowel,['bauәl],n.肠,adj.内部，同情心
boyish,[`boii∫],adj.少年的，孩子气的
bracket,['brækit],n.墙上凸出的托架，括弧，支架,v.括在一起
bran,[bræn],n.糠，麸
brandy,['brændi],n.白兰地酒，(夹心)糖果
bravery,['breivәri],n.勇敢
brawl,[bro:l],n.vi.争吵，怒骂
brazen,['breizn],adj.黄铜制的，厚颜无耻的
Brazilian,[brә'ziliәn],n.巴西人,adj.巴西的
breaker,['breikә],n.断路器
breathlessly,[],adv.气喘地，屏息地，闷热的
breeches,['brit∫iz],n.马裤，<口>裤子
breeding,['bri:diŋ],n.饲养，教养
brew,[bru:],v.酿造，酝酿
bridal,['braidl],adj.新娘的，新婚的,n.婚礼
bridegroom,['braidgru:m],n.新郎
bridge,[bridӡ],n.桥，船桥，鼻梁，桥牌,vt.架桥，渡过
brigade,[bri'geid],n.旅，队
brink,[briŋk],n.(峭岸、崖的)边缘
brisk,[brisk],adj.敏锐的，凛冽的，轻快的，活泼的,vt.使活泼,vi.活跃起来
briskly,[],adv.活泼地，精神勃勃地
Briton,['britәn],n.大不列颠人，英国人
broil,[broil],v.烤(肉)，酷热
broker,['brәukә],n.掮客，经纪人
broth,[bro(:)θ],n.肉汤
brownie,['brauni],n.核仁巧克力饼
Brussels,['brΛslz],n.布鲁塞尔(比利时首都)
brutal,['bru:tl],adj.残忍的，兽性的
buckle,['bΛkl],n.带扣,v.扣住，变弯曲
buff,[bΛf],n.浅黄色，软皮
buggy,['bΛgi],adj.多虫的，臭虫成灾的，<俚>神经病的,n.<美>童车，<俚>尤指旧汽车，双轮单座的轻马车
bulge,[bΛldӡ],n.凸出部分,v.凸出，膨胀
bullion,['buliәn],n.金银，银条，金块
bulwark,['bulwә(:)k],n.壁垒，防波堤
bum,[bΛm],n.游荡者，游民，闹饮,adj.无价值的,vi.过游民生活，免费得到，流浪,vt.乞讨
bungalow,['bΛŋgәlәu],n.(带走廊的)平房
bunk,[bΛŋk],n.(轮船，火车等)铺位
buoy,[boi],n.(湖，河等中的)浮标，浮筒，救生圈,vt.使浮起，支撑，鼓励
buoyant,['boiәnt],adj.有浮力的，轻快的
burgher,['bә:gә],n.公民，市民(现主要指某些欧洲国家中产阶级的市民或镇民)
burglar,['bә:glә],n.夜贼
burgoo,[bә:'gu:],n.燕麦牛奶粥
burner,['bә:nә],n.火炉，烧火的人
burton,['bә:tn],n.小型滑车装置
bus,[bΛs],n.公共汽车
busily,[`bizili],adv.忙碌地
by,[bai],prep.在附近，在旁边，经，由，依据，按照，通过，用,adv.通过，经过，附近,[域] Belarus，白俄罗斯
cadence,['keidәns],n.(声音的)抑扬顿挫，节奏，韵律，调子
cafe,['kæfei; (?@) kæ'fei],n.咖啡馆，小餐馆
Cairo,['kaiәrәu],n.开罗(埃及首都)
calamity,[kә'læmiti],n.灾难，不幸事件
calcium,['kælsiәm],n.[化]钙(元素符号Ca)
calculation,[˛kælkju'lei∫әn],n.计算，考虑
Calcutta,[kæl'kΛtә],n.加尔各答，印度东北部的港市
calico,['kælikәu],n.印花布，白棉布
Californian,[],n.加利福尼亚州人,adj.加州的
calves,[kα:vz;kævz],(calf的复数)<俚>笨拙的男子，腓
canary,[kә'nєәri],n.[动]金丝雀，淡黄色
candour,['kændә],n.直率，公正，洁白
canopy,['kænәpi],n.天篷，遮篷
canto,['kæntәu],n.长诗中的篇(相当于书中的章)
canton,['kænton],n.州，行政区(尤指瑞士的州，法国的区),vt.驻扎，划成行政区
canyon,['kænjәn],n.<美>峡谷，溪谷
caper,['keipә],n.跳跃,vi.雀跃
caravan,['kærәvæn],n.(商队，游客经过沙漠时为安全起见而结队同行的)沙漠，旅行队，大篷车
carcass,['kα:kәs],n.(屠宰后)畜体
cardboard,['kα:dbo:d],n.纸板
carving,['kα:viŋ],n.雕刻品，雕刻
cascade,[kæs'keid],n.小瀑布，喷流,vi.成瀑布落下,n.层叠
casement,['keismәnt],n.[建筑]窗扉
cashier,[kә'∫iә],n.(商店等的)出纳员，(银行或公司的)司库
cask,[kα:sk],n.桶，木桶,vt.装入桶中
casket,['kα:skit],n.首饰盒，匣子，<美>棺材
cataract,['kætәrækt],n.大瀑布，奔流，白内障
catastrophe,[kә'tæstrәfi],n.大灾难，大祸
cautious,['ko:∫әs],adj.谨慎的，小心的
cavalier,[˛kævә'liә],n.骑士，武士，对女人献殷勤，有礼貌的绅士
celery,['selәri],n.[植]旱芹，芹菜
censure,['sen∫ә],v.责难,n.责难
census,['sensәs],n.人口普查
chafe,[t∫eif],v.(将皮肤等)擦热，擦破，使恼火
chaff,[t∫α:f],n.谷壳，糠，愚弄,v.戏弄，开玩笑
chamberlain,['t∫eimbәlin],n.(国王的)侍从，(贵族的)管家，收款人
championship,['t∫æmpjәn∫ip],n.锦标赛
chaplain,['t∫æplin],n.(私人、社团、医院、监狱、贵族、私人教堂、军中等的)牧师
characterize,['kæriktәraiz],vt.表现...的特色，刻画的...性格
charitable,['t∫æritәbl],adj.仁慈的，(为)慈善事业的，宽恕的
chasm,['kæzәm],n.深坑，裂口
chaste,[t∫eist],adj.贞洁的，(思想，言论，尤其是性的节操)有道德的，朴素的
chateau,['∫α:tәu],n.城堡
chauffeur,['∫әufә],n.<法>司机
cheerily,[],adv.快活地，兴高采烈地
cheery,['t∫iәri],adj.愉快的
Chicago,[∫i'kα:gәu],n.芝加哥（美国中西部一大城市）
chide,[t∫aid],v.斥责，责骂
chiffon,['∫ifon],n.<法>[纺]薄纱，薄绸，缎带，花边
Chile,['t∫ili],n.智利（南美洲西南部的一个国家，首都是圣地亚哥Santiago）
china,['t∫ainә],陶瓷，瓷器，瓷料
chink,[t∫iŋk],n.裂口，裂缝，叮当声,v.(使)叮当响
chipmunk,['t∫ipmΛŋk],n.[动] 花栗鼠
chirp,[t∫ә:p],n.喳喳声，唧唧声,v.吱喳而鸣，尖声地说
chisel,['t∫izl],n.凿子,v.砍凿
chord,[ko:d],n.弦，和音，情绪,n.[解]腱
chuck,[t∫Λk],n.抚弄，赶走，扔，抛弃，（牛）颈肉，咯咯声，卡盘，解雇,vt.轻拍，抛掷，驱逐，丢弃，用卡盘夹住；iv.作咯咯声
churchman,['t∫ә:t∫mәn],n.牧师，传教士
churchyard,['t∫ә:t∫jα:d],n.墓地，境内
cider,['saidә],n.苹果酒
cinder,['sindә],n.煤渣，灰烬
Cinderella,[˛sindә'relә],n.灰姑娘（水晶鞋与玫瑰花中的女主人公）
cinnamon,['sinәmәn],n.[植物]肉桂，桂皮，肉桂色
circumference,[sә'kΛmfәrәns],n.圆周，周围
citizenship,[`sitizәn∫ip],n.公民的身份，公民的职责和权力
civic,['sivik],adj.市的，市民的，公民的
civilian,[si'viljәn],n.平民，公务员，文官,adj.民间的，民用的
civility,[si'viliti],n.礼貌，端庄
clad,[klæd],vt.在金属外覆以另一种金属,adj.穿衣的,vbl.clothe的过去式和过去分词
clam,[klæm],n.蛤
clamber,['klæmbә],vi.爬上，攀登
clan,[klæn],n.部落，氏族，宗族，党派
clang,[klæŋ],n.叮当声,v.(使)叮当地响
classical,['klæsikәl],adj.古典的，正统派的，古典文学的
classify,['klæsifai],vt.分类，分等
clause,[klo:z],n.子句，条款
cleaner,['kli:nә],n.清洁工人，清洁器
cleanliness,['klenlinis],n.洁癖，清洁
cleanly,['kli:nli],adj.喜清洁的，干净的，洁净的,adv.干净地，清洁地，清白地
clearing,['kliәriŋ],n.空旷地
cleave,[kli:v],v.劈，劈开，裂开 vi.粘着，忠于，坚持
cleft,[kleft],n.裂缝，隙口,adj.劈开的,vbl.劈开，分开
clergy,['klә:dӡi],n.(集合称)圣职者，牧师，僧侣，神职人员
clime,[klaim],n.气候，地方，地域
cloister,['kloistә],n.回廊，修道院
clove,[klәuv],n.[植]丁香,vbl.cleave 的过去式
clump,[klΛmp],n.土块,v.丛生
coachman,['kәut∫mæn],n.马车夫
cobbler,['koblә],n.皮匠，补鞋匠，工匠
cobweb,['kobweb],n.蜘蛛网，蛛丝
cocoa,['kәukәu],n.可可粉，可可饮料，可可豆
coconut,['kәukәnΛt],n.椰子
coinage,['koinidӡ],n.造币，货币制度，创造，新造的字及其语等
coincidence,[kәu'insidәns],n.一致，相合，同时发生或同时存在(尤指偶然)的事
colleague,['koli:g],n.同事，同僚
collector,[kә'lektә],n.收藏家，征收者
cologne,[kә`lәun],n.科隆香水，古龙香人，科隆(或古龙)香锭(或香膏)
colossal,[kә'losl],adj.巨大的，庞大的
colourful,['kΛlәful],adj.富色彩的，华美的
combustion,[kәm'bΛst∫әn],n.燃烧
comely,['kΛmli],adj.清秀的，标致的
comforter,['kΛmfәtә],n.慰问者，安慰者，羊毛围巾
comic,['komik],n.滑稽演员,adj.滑稽的，喜剧的
commandment,[kә'mα:n(d)mәnt],n.戒律
commentary,['komәntәri],n.注释，解说词
commonplace,['komәnpleis],n.平凡的事，平常话,adj.平凡的
commotion,[kә'mәu∫әn],n.骚动，暴乱
commune,[kә'mju:n],n.公社,vi.密切联系，谈心
communion,[kә'mju:njәn],n.交流，恳谈，共有，共享，宗教团体
comparable,['kompәrәbl],adj.可比较的，比得上的
compartment,[kәm'pα:tmәnt],n.间隔间，车厢
compassion,[kәm'pæ∫әn],n.同情，怜悯
compensate,['kompәnseit],v.偿还，补偿，付报酬
competitive,[kәm'petitiv],adj.竞争的
completion,[kәm'pli:∫(ә)n],n.完成
complication,[˛kompli'kei∫(ә)n],n.复杂化，(使复杂的)因素,n.[医]并发症
comply,[kәm'plai],vi.顺从，答应，遵守
composed,[kәm'pәuzd],adj.镇静的，沉着的
composure,[kәm'pәuӡә],n.镇静，沉着
compute,[kәm'pju:t],v.计算，估计，用计算机计算(或确定)
concede,[kәn'si:d],vt.勉强，承认，退让,vi.让步
conceivable,[kәn'si:vәbl],adj.可能的，想得到的，可想像的
cone,[kәun],n.[数、物]锥形物，圆锥体，(松树的)球果,vt.使成锥形
confederacy,[kәn'fedәrәsi],n.联盟，邦联，私党，同谋
confederation,[kәn˛fedә'rei∫әn],n.联邦
confidential,[konfi'den∫әl],adj.秘密的，机密的
confirmation,[˛konfә'mei∫әn],n.证实，确认，批准
confiscate,['konfiskeit],vt.没收，充公，查抄，征用,adj.被没收的
conform,[kәn'fo:m],vt.使一致，使遵守，使顺从,vi.符合，相似，适应环境,adj.一致的，顺从的
congenial,[kәn'dӡi:njәl],adj.性格相似的，适意的
congratulation,[kәn˛grætju'lei∫әn],n.祝词，贺辞
congregation,[˛kongri'gei∫әn],n.集合，集会，[宗]圣会
congressional,[kәn'gre∫ә nәl],adj.会议的，大会的，国会的
congressman,['koŋgresmәn],n.国会议员，众议院议员
conjecture,[kәn'dӡekt∫ә],n.v.推测，臆说，猜想
conjunction,[kәn'dӡΛŋk∫әn],n.联合，关联，连接词
conjure,['kΛndӡә],v.(以咒文)召唤，变戏法，想象,vi.变戏法，施魔法,vt.祈求，恳求
conscientious,[˛kon∫i'en∫әs],adj.尽责的
consecrate,['konsikreit],vt.用作祭祀，献给，使神圣,adj.被献给神的，神圣的
consequent,['konsikwәnt],adj.作为结果的，随之发生的
considering,[kәn'sidәriŋ],vbl.考虑，顾及，认为,prep.鉴于，考虑到，顾及
consign,[kәn'sain],vt.托运，委托
consistent,[kәn'sistәnt],adj.一致的，调和的，坚固的，[数、统]相容的
consolation,[˛konsә'lei∫әn],n.(被)安慰，起安慰作用的人或事物
console,[kәn'sәul],vt.安慰，藉慰,n.[计] 控制台
consolidate,[kәn'solideit],v.巩固
consort,['konso:t],vi.配偶(指夫或妻)，(尤指)君王或女王的配偶，同航线的船,vi.陪伴，结交，符合,vt.使配对
conspire,[kәn'spaiә],v.共谋，阴谋，(指事件)凑合起来
constellation,[konstә'lei∫әn],n.[天]星群，星座，灿烂的一群
constituent,[kәn'stitjuәnt],n.委托人，要素,adj.有选 举权的； 有宪法制定［修改］权的
constrain,[kәn'strein],vt.强迫，抑制，拘束
constructive,[kәn'strΛktiv],adj.建设性的
consultation,[˛konsәl'tei∫әn],n.请教，咨询，磋商，[医]会诊
contagious,[kәn'teidӡәs],adj.传染性的，会感染的
container,[kәn'teinә],n.容器(箱，盆，罐，壶，桶，坛子)，集装箱
contemplation,[˛kontem'plei∫әn],n.注视，沉思，预期，企图，打算
contention,[kәn'ten∫әn],n.争夺，争论，争辩，论点
contentment,[kәn'tentmәnt],n.满意，知己
continuance,[kәn'tinjuәns],n.持续，继续，停留
continuation,[kәn˛tinju'ei∫әn],n.继续，续集，延长，延长物，扩建物，附加部分，(报刊等的)续刊、增刊，续篇
continuously,[kәn'tinjuәsli],adv.不断地，连续地
contraction,[kәn'træk∫әn],n.收缩，缩写式，紧缩
contractor,[kәn'træktә],n.订约人，承包人
contradict,[kontrә'dikt],vt.同...矛盾，同...抵触
contradiction,[˛kontrә'dik∫әn],n.反驳，矛盾
contrivance,[kәn'traivәns],n.发明，发明才能，想出的办法，发明物
conveniently,[],adv.便利地
conventional,[kәn'ven∫әnl],adj.惯例的，常规的，习俗的，传统的
conversion,[kәn'vә:∫әn],n.变换，转化
conveyance,[kәn'veiәns],n.运输，财产让与，运输工具
convincing,[kәn'vinsiŋ],adj.令人信服的，有力的，令人心悦诚服的
coo,[ku:],n.咕咕声,v.(鸽等)咕咕地叫，唧唧地讲情话
cookery,['kukәri],n.烹调术
cookie,[`kuki],n.(苏格兰)甜面包，(美国)小甜饼
coolly,[],adv.沉着，自若
cooperative,[kәu'opәrәtiv],adj.合作的，协力的
copyright,['kopirait],n.版权，著作权
cordially,[`ko:djәli],adv.诚恳地，诚实地，诚挚地
core,[ko:],n.果核，中心，核心
coronation,[korә'nei∫(ә)n; (?@) ko:rә'ne∫(ә)n],n.加冕礼
corporal,['ko:pәrәl],n.<美>下士,adj.肉体的，身体的
corpse,[ko:ps],n.尸体
correction,[kә'rek∫әn],n.改正，修正
corresponding,[˛koris'pondiŋ],adj.相应的，通讯的
corruption,[kә'rΛp∫әn],n.腐败，贪污，堕落
cotyledon,[˛koti'li:dәn],n.[植]子叶
councilor,['kaunsilә],n.议员，评议员
counselor,['kaunsәlә],n.顾问，法律顾问
counteract,[˛kauntә'rækt],vt.抵消，中和，阻碍
counterfeit,['kauntәfit],n.adj.赝品，伪造品，伪造的，假冒的,vt.伪造，假冒
countryside,['kΛntrisaid],n.乡下地方，乡下居民
courageous,[kә'reidӡәs],adj.勇敢的，有胆量的
covenant,['kΛvinәnt],n.契约，盟约,v.缔结(盟约)，立约
covet,['kΛvit],v.垂涎，觊觎
cowardly,['kauәdli],adv.胆怯地
coyote,['koiәut; -'әut],n.一种产于北美大草原的小狼，山狗
cozy,['kәuzi],adj.舒适的，安逸的，惬意的
crackle,['krækl],n.劈啪响，裂纹,vi.(使)发劈啪声
crag,[kræg],n.峭壁
cram,[kræm],v.填满
cramp,[kræmp],n.抽筋，腹部绞痛，月经痛,adj.狭窄的，难解的,vt.使抽筋，以铁箍扣紧
crane,[krein],n.起重机
crank,[kræŋk],adj.脾气暴燥的，易怒的,n.[机]曲柄，奇想,vt.[机]装曲柄,vi.[机]转动曲柄
crate,[kreit],n.板条箱，柳条箱
craze,[kreiz],n.狂热
creak,[kri:k],n.吱吱响声,v.吱吱作响
creative,[kri(:)'eitiv],adj.创造性的
creator,[kri:'eitә(r)],n.[计] 创建者，创作者
crepe,[kreip],n.绉纱，绉绸
crescent,['kresnt],n.新月，月牙,adj.新月形的，逐渐增加的
crevice,['krevis],n.(墙壁，岩石等的)裂缝
crib,[krib],n.婴儿床，食槽，栅栏,vi.抄袭,vt.拘禁，关入栅栏
croak,[krәuk],n.蛙或鸦的叫声vi.嗄嗄叫，发牢骚,vt.用嘶哑的声音说
cruelly,[`kruәli],adv.残忍地，残酷地
cruiser,['kru:zә],n.巡洋舰
crumple,['krΛmpl],v.弄皱，压皱，变皱，崩溃，垮台
Cuba,['kju:bә],n.古巴(由古巴岛及其临近诸小岛组成的国家，首都为哈瓦那)
cube,[kju:b],n.立方体，立方
cubic,['kju:bik],adj.立方体的，立方的
cuckoo,['kuku:],n.[动]杜鹃鸟，布谷鸟
cucumber,['kju:kΛmbә],n.[植]黄瓜
Cupid,['kju:pid],n.爱神丘比特
currant,['kΛrәnt],n.(无核)葡萄干，[植]黑醋栗
cutter,['kΛtә],n.刀具，切割机
cypress,['saipris; -prәs],n.[植]柏科树的，柏木属植物(原产北美、欧、亚)，柏树枝(用作哀悼的标志)
dagger,['dægә],n.短剑，匕首,vt.用剑(或匕首)刺
Dallas,[`dælәs],达拉斯[美国得克萨斯州东北部城市]
dangle,['dæŋgl],v.摇摆
Danish,['deini∫],n.丹麦语,adj.丹麦的
Danube,['dænju:b],n.多瑙河(欧洲南部河流)
daring,['dєәriŋ],adj.大胆的
data,['deitә],n.datum的复数，[计] 资料，数据
davy,['deivi],[俚](=affidavit)宣誓书
daybreak,['deibreik],n.黎明，拂晓
dealt,[delt],vbl.deal的过去式和过去分词
dearly,['diәli],adv.深深地，昂贵
debtor,['detә],n.债务人
decease,[di'si:s],n.vi.死亡
deceit,[di'si:t],n.欺骗，谎言
decisive,[di'saisiv],adj.决定性的
decompose,[˛di:kәm'pәuz],v.分解，(使)腐烂
decorative,['dekәrәtiv],adj.装饰的
defective,[di'fektiv],adj.有缺陷的，(智商或行为有)欠缺的,n.有缺陷的人，不完全变化动词
defender,[di'fendә],n.防卫者，拥护者，辩护者，[运动]卫冕者
defensive,[di'fensiv],adj.防御用的，自卫的,n.防御
defer,[di'fә:],vi.推迟，延期，听从，服从,vt.使推迟，使延期
definition,[˛defi'ni∫әn],n.定义，解说，精确度，(轮廓影像等的)清晰度
degenerate,[di'dӡenәreit],adj.退化的,v.退化
degrade,[di'greid],v.(使)降级，(使)堕落，(使)退化
deity,['di:iti],n.神，神性
deliberation,[di˛libә'rei∫ә n],n.熟思，从容，商议，考虑
delicately,[],adv.优美地，微妙地
delighted,[di'laitid],adj.欣喜的，快乐的
deliverance,[di'livәrәns],n.释放，意见，判决
delta,['deltә],n.三角州，德耳塔(希腊字母的第四个字)
demeanour,[di'mi:nә],n.行为，举止
demon,['di:mәn],n.魔鬼，极残忍的人
denote,[di'nәut],vt.指示，表示
dentist,['dentist],n.牙科医生
Denver,['denvә],n.丹佛(美国科罗拉多州首府)
depot,['depәu; 'di:-],n.库房，仓库，火车站，公共汽车站，航空站，军械库，补给站，新兵训练营
depress,[di'pres],vt.使沮丧，使消沉，压下，压低，使不活泼，使萧条,v.压下
designate,['dezigneit],vt.指明，指出，任命，指派,v.指定，指派
desirous,[di'zaiәrәs],渴望的
desolation,[˛desә'lei∫әn],n.荒芜，荒废，荒凉，忧伤，悲哀
desperation,[˛despә'rei∫әn],n.绝望
destructive,[dis'trΛktiv],adj.破坏(性)的
detach,[di'tæt∫],vt.分开，分离，分遣，派遣(军队)
detachment,[di'tæt∫mәnt],n.分开，拆开，特遣部队，超然，分离，分遣队
detest,[di'test],vt.厌恶，憎恨
devoted,[di'vәutid],adj.投入的，深爱的
diagram,['daiәgræm],n.图表
dial,['daiәl],n.刻度盘，钟面，转盘，(自动电话)拨号盘,v.拨
dialog,['daiәlog],n.(=dialogue)会话，对话
diary,['daiәri],n.日记
dice,[dais],n.骰子,vt.切成方块,vi.掷骰子
diffuse,[di'fju:z],v.散播，传播，漫射，扩散，(使)慢慢混合,adj.散开的，弥漫的
digestion,[di'dӡest∫әn; dai'dӡest∫әn],n.消化力，领悟
dingy,['dindӡi],adj.暗黑的，邋遢的
diplomatic,[˛diplә'mætik],adj.外交的，老练的
dire,['daiә],adj.可怕的
disable,[dis'eibl],v.使残废，使失去能力，丧失能力
disapprove,[˛disә'pru:v],v.不赞成
disarm,[dis'α:m; diz-],vt.解除武装，回复平常的编制，缓和，消除(敌意，疑虑),vi.放下武器
disastrous,[di'zα:strәs],adj.损失惨重的，悲伤的
disciple,[di'saipl],n.信徒，弟子，门徒
discount,['diskaunt],n.折扣
discretion,[dis'kre∫әn],n.判断力
dishonor,[dis'onә],n.不名誉,vt.玷辱，使蒙羞,n.[商] 拒付，不兑现
disk,[disk],n.(=disc) 磁盘，磁碟片，圆板，圆盘，圆盘状物
disobey,['disә'bei],v.违反，不服从
dispense,[dis'pens],vt.分发，分配
displace,[dis'pleis],vt.移置，转移，取代，置换,v.转移
displeasure,[dis'pleӡә],n.不愉快，不满意
disregard,[˛disri'gα:d],v.不理漠视,n.漠视，忽视
dissolution,[disә'lju:∫әn],n.分解，解散
distinctive,[dis'tiŋktiv],adj.与众不同的，有特色的
distort,[dis'to:t],vt.弄歪(嘴脸等)，扭曲，歪曲(真理、事实等)，误报
diversion,[dai'vә:∫әn],n.转移，转换，牵制，解闷，娱乐
dividend,['dividend],n.被除数，股息，红利，额外津贴，奖金，年息
divinity,[di'viniti],n.神，神学，神性，上帝
doe,[dәu],n.母鹿，雌兔等
dole,[dәul],n.施舍品，悲哀，失业救济金,vt.发放救济
dolly,['doli],n.<儿语> 洋娃娃，捣棒,vi.推移动车,vt.捣碎
domain,[dәu'mein],n.领土，领地，(活动、学问等的)范围，领域
dominant,['dominәnt],adj.有统治权的，占优势的，支配的,adj.[生物] 显性的
dory,['do:ri],n.平底的小渔船，海鲂
dose,[dәus],n.剂量，(一)剂，(一)服,v.(给...)服药
downtown,['dauntaun],adv.在市区，往市区,adj.市区的
downwards,['daunwәdz],adv.向下
doze,[dәuz],vi.瞌睡，假寐,vt.打瞌睡度过,n.瞌睡
drainage,['dreinidӡ],n.排水，排泄，排水装置，排水区域，排出物，消耗
drake,[dreik],n.公鸭，蜉蝣类(=drake fly)
drape,[dreip],n.窗帘
drapery,['dreipәri],n.(供装饰用的)织物，帏帐，布料
drawing,['dro:iŋ],n.图画，制图，素描术
drench,[drent∫],v.湿透
dresser,['dresә],n.梳妆台，化妆师，碗柜，(医院)裹伤员
dressmaker,['dresmeikә(r)],n.(制作女服或童装的)裁缝
drone,[drәun],n.雄蜂，嗡嗡的声音，懒惰者，靶标,vi.嗡嗡作声，混日子,vt.低沉地说出
drought,[draut],n.干旱，缺乏
dryly,['draili],adv.干燥地，枯燥无味地，冷淡地
duel,['dju(:)әl],n.决斗,v.决斗
duly,['dju:li],adv.适时地
duplicate,['dju:plikeit],adj.复制的，副的，两重的，两倍的，完全相同,n.复制品，副本,vt.复写，复制，使加倍，使成双
durable,['djuәrәbl],adj.持久的，耐用的
dusky,['dΛski],adj.微暗的，朦胧的，忧郁的
dweller,[`dwelә(r)],n.居住者，居民
dwindle,['dwindl],v.缩小
dynasty,['dinәsti],n.朝代，王朝
e'er,[єә],adv.(=ever)曾经，到底
earthworm,['ә:θwә:m],n.蚯蚓
eastward,['i:stwәd],adv.向东,adj.向东的，朝东的
eaves,['i:vz],n.屋檐
ebb,[eb],n.退，弱，退潮，衰落,vi.潮退，衰退
eclipse,[i'klips],n.食，日蚀，月蚀，蒙蔽，衰落,vt.引起日蚀，引起月蚀，超越，使黯然失色
economical,[˛i:kә'nomikәl],adj.节约的，经济的
economics,[˛i:kә'nomiks; ˛ekә-],n.经济学
economist,[i:'konәmist],n.经济学者，经济家，[古]节俭的人，节约者
eddy,['edi],n.旋转，漩涡,v.(使)起漩涡
Eden,['i:dn],n.[圣经]伊甸园，乐园
edifice,['edifis],n.大厦，大建筑物
Edinburgh,['edinbәrә],n.爱丁堡(英国苏格兰首府)
edit,['edit],vt.编辑，校订，剪辑,n.编辑工作
elapse,[i'læps],vi.(时间)过去，消逝,v.流逝
elderly,['eldәli],adj.过了中年的，稍老的
elector,[i'lektә(r)],n.有选举权的人，选举人，竞选人
elementary,[˛eli'mentәri],adj.初步的，基本的，[化]元素的，自然力的
elf,[elf],n.小精灵，矮人，淘气鬼，恶作剧的人，恶人
elk,[elk],n.[动]麋鹿，软鞣粗皮
eloquence,['elәkwәns],n.雄辩，口才，修辞
eloquent,['elәkwәnt],adj.雄辩的，有口才的，动人的，意味深长的
elves,[elvz],n.爱恶作剧的孩子，侏儒(elf的复数形式)
embark,[im'bα:k],v.上船，上飞机，着手，从事，装于船上，登上
embarrassment,[im'bærәsmәnt],n.困窘，阻碍
embody,[im'bodi],vt.具体表达，使具体化，包含，收录
embroidery,[im'broidәri],n.刺绣品，粉饰，刺绣，装饰
emerald,['emәrәld],n.[矿]祖母绿，翡翠，绿宝石，翠绿色,adj.翡翠的，翠绿色的
emigrant,['emigrәnt],n.移居外国者，移民
empress,['empris],n.皇后，女皇帝，皇太后，极有权力的女人
enact,[i'nækt],vt.制定法律，颁布，扮演
enamel,[i'næmәl],n.珐琅，瓷釉，指甲油,vt.涂以瓷釉，彩饰
enchantment,[in`t∫α:ntmәnt;en-],n.迷惑，着迷，魔法，妖术，魅力
encircle,[in'sә:kl],vt.环绕，围绕，包围，绕...行一周
energetic,[˛enә'dӡetik],adj.精力充沛的，积极的
enforcement,[in'fo:smәnt],n.执行，强制
Englander,[`iŋglәndә(r)],n.英格兰人，英国人
engrave,[in'greiv],v.雕刻，(线条，文字，图案)于一硬面上，深印于(心上)，使铭记，铭刻
enlighten,[in'laitn],vt.启发，启蒙，教导，授予...知识，开导，<古>照耀
enormously,[i'no:mәsli],adv.非常地，巨大地
enrage,[in'reidӡ],vt.激怒
entangle,[in'tæŋgl],vt.使缠上，纠缠，卷入，连累，使混乱
entice,[in'tais],v.诱惑，诱使
entreat,[in'tri:t],v.恳求，乞求，<古>对待，对付
entrust,[in'trΛst],v.委托
envelop,[in'velәp],vt.包封，遮盖，包围,n.包裹，封，包围，信封
envious,['enviәs],adj.嫉妒的，羡慕的
epidemic,[˛epi'demik],adj.流行的，传染的，流行性,n.时疫，疫疾流行，(风尚等的)流行，流行病
episode,['episәud],n.一段情节，[音]插曲，插话，有趣的事件
epistle,[i'pisl],n.书信，使徒书，书信体诗文
equator,[i'kweitә],n.赤道，赤道似的圈.圆
essence,['esns],n.基本，[哲]本质，香精
essentially,[i'sen∫әli],adv.本质上，本来
ethnical,['eθnikәl],adj.人种的，种族(特有)
evaporate,[i'væpәreit],v.(使)蒸发，消失
eventually,[i'ventjuәli],adv.最后，终于
evergreen,['evәgri:n],adj.常绿的,n.常绿树，常绿植物
evermore,[˛evә'mo:],adv.始终
evolution,[˛i:vә'lu:∫әn; ˛evә-],n.进展，发展，演变，进化
ewe,[ju:],n.母羊
exceeding,[ik'si:diŋ],adj.非常的，极度的，胜过的，过度的
excellence,['eksәlәns],n.优秀，卓越，优点，美德
exceptional,[ik'sep∫әnl],adj.例外的，异常的
exclamation,[˛eksklә'mei∫әn],n.惊呼，感叹惊叹，惊叹词
exclusively,[ik'sklu:sivli],adv.排外地，专有地
excursion,[iks'kә:∫әn],n.远足，游览，短程旅行，远足队，离题，[物]偏移，漂移
exempt,[ig'zempt],v.免除,adj.被免除的
exertion,[ig'zә:∫әn],n.尽力，努力，发挥，行使，运用
exhaustion,[ig'zo:st∫әn],n.耗尽枯竭，疲惫，筋疲力尽，竭尽，详尽无遗的论述
exit,['eksit; -zit],n.出口，太平门，退场，去世,vi.退出，脱离，去世,[计]  离开当前命令行外壳
expedient,[iks'pi:diәnt],adj.有利的,n.权宜之计
expel,[iks'pel],v.驱逐，开除，排出，发射
expend,[iks'pend],vt.花费，消耗，支出，[海]把(暂时不用的绳)绕在杆上
experienced,[ik'spiәriәnst],v.经历,adj.富有经验的
experimental,[eks˛peri'mentl],adj.实验的，根据实验的
explosive,[iks'plәusiv],adj.爆炸(性)的，爆发(性)的，暴露,n.爆炸物，炸药
exterior,[eks'tiәriә],adj.外部的，外在的，表面的，外交的，[建](适合)外用的,n.外部，表面，外型
extinct,[iks'tiŋkt],adj.熄灭的，灭绝的，耗尽的,vt.<古>使熄灭
extinguish,[iks'tiŋgwi∫],vt.熄灭，消灭，压制，使黯然失色，偿清
extravagance,[ik`strævәgәns],n.奢侈，铺张，过度，放纵的言行
eyelid,['ailid],n.眼皮，眼睑
facilitate,[fә'siliteit],vt.（不以人作主语的）使容易，使便利，推动，帮助，使容易，促进
faction,['fæk∫әn],n.派别，小集团，派系斗争，小派系，内讧
fairyland,[],n.仙境，乐园，奇境
falcon,['fælkәn; 'fo:l-],n.[动](猎鸟用的)猎鹰
far-off,[`fα:r`of],adj.遥远的，久隔的
farthest,['fα:ðist],adj.最远的，最久的,adv.最远，far 的最高级，最大程度地，最大限度地
fascination,[fæsi'nei∫(ә)n],n.魔力，入迷，魅力，迷恋，强烈爱好
fathom,['fæðәm],n.长度单位(6英尺),vt.测量深度，看穿，彻底了解,vi.测深，进行探索
favourably,[],adv.顺利地，有利地
favoured,[`feivәd],adj.受优惠的，有特权的
feebly,[],adv.柔弱地，微弱地，无力地
feign,[fein],vt.假装，装作，捏造，<古>想象,vi.作假
fellowship,['felәu∫ip],n.伙伴关系，交情，团体，奖学金，友谊
feminine,['feminin],adj.妇女(似)的，娇柔的，阴性的，女性的
fertilize,['fә:tilaiz],vt.施肥，使丰饶，使受精，使肥沃，使多产
fertilizer,['fә:ti˛laizә],n.肥料(尤指化学肥料)，[动]受精媒介物
fetter,['fetә],n.[常用复]脚镣，羁绊，束缚,vt.束缚，加脚镣
feud,[fju:d],n.不和，(部落或家族间的)世仇，封地，争执,vi.长期不和，长期争斗
feudal,['fju:dl],adj.世仇的，封建制度的，封地的，领地的
feverish,['fi:vәri∫],adj.发烧的，热病的，狂热，兴奋的
fiddle,['fidl],n.小提琴，无意识而不停地拨弄,vt.虚度时光，拉小提琴,vi.拉小提琴，瞎搞
fidelity,[fi'deliti],n.忠实，诚实，忠诚，保真度，(收音机，录音设备等的)逼真度，保真度，重现精度
fiend,[fi:nd],n.魔鬼，魔王，撒旦，邪神，能手，成癖者
filament,['filәmәnt],n.细丝，灯丝
Filipino,[˛fili'pi:nәu],n.菲律宾人
filter,['filtә],n.滤波器，过滤器，滤光器，筛选,vt.过滤，渗透，用过滤法除去,vi.滤过，渗入，(消息等)走漏，慢慢传开
filthy,['filθi],adj.不洁的，污秽的，丑恶的
fireman,['faiәmәn],n.救火队员，消防队员
firmament,['fә:mәmәnt],n.天空，太空，苍天
firmness,['fә:mnis],n.坚定，稳固
fisher,['fi∫ә],n.渔夫，食鱼动物，渔船，捞取者
fishing,['fi∫iŋ],n.钓鱼，捕鱼
fixture,['fikst∫ә],n.固定设备，预定日期，比赛时间，[机]装置器，工作夹具
flaming,['fleimiŋ],adj.燃烧的，热烈的，色彩鲜明的，熊熊的，灼热的，火红的，惊人的
flannel,['flænl],n.法兰绒，法兰绒衣服,adj.法兰绒的,vt.用法兰绒包(或裹)，给...穿上法兰绒衣服
flatten,['flætn],vi.变平，变单调,vt.使平，变平，打倒，使失去光泽
flattery,['flætәri],n.谄媚，阿谀，巴结，奉承，捧场话，恭维话，谄媚的举动
fleece,[fli:s],n.羊毛(尤指未剪下的)，羊毛状之物，绒头织物，羊毛大衣呢,vt.剪下羊毛，诈取
flexible,['fleksәbl],adj.柔韧性，易曲的，灵活的，柔软的，能变形的，可通融的
flint,[flint],n.打火石，极硬的东西，燧石
flirt,[flә:t],vt.忽然弹出，挥动,vi.调情，摇晃的移动，玩弄，摇晃地摆动，摆动，轻率地对待,n.卖弄风情的人，调情的人
flora,['flo:rә],n.[罗神]花神
Florence,['flo:rәns],n.佛罗伦萨(意大利都市名)
flowery,['flauәri],adj.多花的，绚丽的，华丽的，花的，象花一样
flown,[flәun],vbl.fly的过去分词
flute,[flu:t],n.长笛，笛状物，凹槽
foil,[foil],n.箔，金属薄片，[建]叶形片，烘托，衬托,vt.衬托，阻止，挡开，挫败，贴箔于
fondly,[`fondli],adv.亲爱地，天真地，盲目轻信地，溺爱地，怜爱地，情柔地
forbade,[fә`bæd; -`beid],v.forbid的过去式
forbear,[fo:'bєә],v.忍耐，克制，避免,n.祖先
forefather,['fo:˛fα:ðә],n.祖先，祖宗
foreman,['fo:mәn],n.领班，工头，陪审团主席
forenoon,['fo:nu:n],n.午前，上午
foresee,[fo:'si:],vt.预见，预知
foresight,['fo:sait],n.远见，深谋远虑
forfeit,['fo:fit],n.(因犯罪.过失.违约等而)丧失的东西，没收物，罚款,vt.没收，丧失,adj.丧失了的
forgiven,[],vbl.forgive的过去分词
formality,[fo:'mæliti],n.拘谨，礼节，仪式，正式手续，拘泥形式
formally,[`fo:mәli],adv.正式地，形式上
forsake,[fә'seik],vt.放弃，抛弃
fortification,[˛fo:tifi'kei∫әn],n.防御工事，要塞，筑城术
fortify,['fo:tifai],vt.设防于，增强(体力，结构等)使坚强，增加，(酒)的酒精含量,vi.筑防御工事
fossil,['fosl],n.化石，僵化的事物,adj.化石的，陈腐的，守旧的
fracture,['frækt∫ә],n.破裂，骨折,v.(使)破碎，(使)破裂
fragile,['frædӡail],adj.易碎的，脆的
fraternity,[frә'tә:niti],n.兄弟关系，友爱，互助会，兄弟会
fray,[frei],n.冲突，打架，争论，(织物等)磨损处,vt.使磨损,vi.被磨损
freckle,['frekl],n.雀斑，斑点
frenzy,['frenzi],n.狂暴，狂怒
freshly,['fre∫li],adv.气味清新地，精神饱满地，刚才
freshness,[],n.气味清新地，精神饱满地，刚
friction,['frik∫әn],n.摩擦，摩擦力
fried,[fraid],adj.油炸的，<美俚>喝醉了的
frosty,['frosti],adj.结霜的，严寒的，霜状的，冷淡的，(头发)灰白的，多霜
fullness,['fulnis],n.满，充满，丰富，成熟
fumble,['fΛmbl],v.摸索
fume,[fju:m],n.(浓烈或难闻的)烟，气体，一阵愤怒(或不安),v.用烟熏，冒烟，发怒
furrow,['fΛrәu],n.犁沟，皱纹,vt.犁，耕，弄绉
fuse,[fju:z],n.保险丝，熔丝,v.熔合
futile,['fju:tail; -til],adj.琐细的，无用的，无效果的，(人)没有出息的
gaily,['geili],adv.华丽地，欢乐地
gait,[geit],n.步态，步法,vt.训练...的步法
gall,[go:l],n.胆汁，恶毒，怨恨，五倍子，苦味，磨伤(尤指马的)，肿痛，恼怒,vt.磨伤，烦恼，屈辱,vi.被磨伤
galley,['gæli],n.狭长船，大型划船，船上厨房，(印刷用的)长方活字盘，军舰
gallows,['gælәuz],n.绞架，绞刑
gangster,['gæŋstә],n.<美俗>歹徒，士匪，强盗
gape,[geip],v.打呵欠,n.呵欠
garb,[gα:b],n.服装,v.装扮
garret,['gærәt; -rit],n.顶楼
gathering,['gæðәriŋ],n.聚集，收款
gaunt,[go:nt],adj.憔悴的
gear,[giә],n.齿轮，传动装置,v.调整，(使)适合，换档
gelatin,['dӡelәtin; 'dӡelә'ti:n],n.凝胶，白明胶
generate,['dӡenә˛reit],vt.产生，发生
generously,[],adv.宽大地
genial,[dӡi'naiәl],adj.亲切的
gentleness,[],n.温顺，亲切，柔和
geographical,[˛dӡiә'græfikәl],adj.地理学的，地理的
gifted,['giftid],adj.有天才的
gill,[dӡil],n.腮，腮下肉，峡谷，峡流，锶,v.用刺网捕鱼
gin,[dӡin],n.陷阱，起重装，轧棉机，杜松子酒,v.轧
gingerbread,['dӡindӡәbred],n.华而不实的东西，姜饼,adj.华而不实的
gipsy,['dӡipsi],vi.流浪
glacier,['glæsjә; 'glei∫ә],n.冰河
gladness,[],n.欢乐，喜悦，欢喜
Glasgow,['glα:sgәu],n. 格拉斯哥（英国）
glaze,[gleiz],v.装玻璃，上釉，使表面光滑,n.釉料，釉面，光滑面，上釉，上光
glee,[gli:],n.欢乐，高兴
glimmer,['glimә],v.闪烁,n.闪光
glorify,['glo:rifai],v.使更壮丽，赞扬
goblet,['goblit],n.高脚玻璃杯，酒杯
goldsmith,['gәuldsmiθ],n.金匠
good-natured,[gud'neit∫әd],adj.和蔼的，和善的
gore,[go:],n.血块，淤血，(帆或裙上缝的)三角形布,vt.缝以补裆，刺伤，顶
gorge,[go:dӡ],n.咽喉，胃，暴食，山峡，峡谷，障碍物,v.狼吞虎咽，塞饱
Gothic,['goθik],n.哥特式,adj.哥特式的，野蛮的
gotten,['gotn],vbl.get的过去分词
gracefully,[],温文地
graciously,[],adv.和蔼地，优雅地
graft,[grα:ft],n.嫁接，(接技用的)嫩枝，(皮肤等的)移植，赎职,v.嫁接，接技，移植(皮肤等)，赎职
graham,['greiәm],adj.全麦(面粉)的，粗面粉的
grandeur,['grændӡә],n.庄严，伟大
grandpa,['grænpα:; 'grændpα:],n.爷爷
grandson,['grændsΛn],n.孙子
grassy,['grα:si],adj.绿色的，象草的
grating,['greitiŋ],n.门窗的栅栏，[物理]光栅，摩擦，摩擦声,adj.刺耳的
gravy,['greivi],n.肉汁，不法利润，肉汤
grievance,['gri:vәns],n.委屈，冤情，不平
grievous,['gri:vәs; 'grivәs],adj.令人忧伤的
groove,[gru:v],n.(唱片等的) 凹槽，惯例，最佳状态,vt.开槽于
grotesque,[grәu'tesk],adj.奇形怪状的，奇异,n.奇形怪状的人(或物、图案等)，奇异风格
grouse,[graus],n.松鸡，牢骚,vi.埋怨
guidance,['gaidәns],n.指导，领导
guild,[gild],n.(中世纪的)行会，同业公会，协会，行业协会
guise,[gaiz],n.外观，姿态，装束，伪装,v.伪装
gulp,[gΛlp],vt.吞，一口吞(下)，忍住，抑制,vi.吞咽,n.吞咽
gush,[gΛ∫],v.涌出
gutter,['gΛtә],n.水槽，檐槽，排水沟，槽，贫民区,vt.开沟于,vi.流,n.装订线
gypsy,['dӡipsi],n.吉普赛人，吉普赛语,adj.象吉普赛人的,vi.流浪
habitation,[˛hæbi'tei∫әn],n.居住，生活环境，住所
hack,[hæk],v.砍,n.出租
hag,[hæg],n.女巫，丑婆，魔女，沼地，砍伐,vt.砍，劈
haggard,['hægәd],n.野鹰,adj.憔悴的，野性的，形容枯槁的
hairy,['hєәri],adj.多毛的，毛似的
hale,[heil],adj.强壮的，健壮的（尤指老人），矍铄的,vt.<古>强拉，硬拖
hallow,['hælәu],vt.使...神圣，视为神圣
hallowed,[`hælәud],adj.神圣化的，神圣的
hammock,['hæmәk],n.吊床
hamper,['hæmpә],v.妨碍，牵制
handshake,['hænd∫eik],n.握手
haply,['hæpli],adv.<古>偶然地，大致上，或许
happening,['hæpәniŋ],n.事件，意外发生的事
harass,['hærәs],v.烦恼
hardness,['hα:dnis],n.硬，硬度，艰难，难度
hardware,['hα:dwєә],n.五金器具，(电脑的)硬件，(电子仪器的)部件
harmonious,[hα:'mәunjәs],adj.和谐的，协调的，和睦的，悦耳的
harry,['hæri],v.掠夺，折磨
hart,[hα:t],n.雄赤鹿，雄鹿
hatchet,['hæt∫it],n.短柄斧
hateful,['heitful],adj.可恨的，讨厌的，可恶的
Havana,[hә`vænә],n.哈瓦那（古巴首都），（用古巴烟叶制成的）雪茄烟
headline,['hedlain],n.大字标题
healthful,['helθful],adj.有益健康的
hearken,['hα:kәn],vi.倾听
heath,[hi:θ],n.[植]石南，石南树丛
heedless,['hi:dlis],adj.不注意的
heifer,['hefә],n.小母牛
hemisphere,['hemisfiә],n.半球
hemlock,['hemlok],n.[植]芹叶钩吻，从芹叶钩吻制取的毒药
hereditary,[hi'reditәri],adj.世袭的，遗传的
heretic,['herәtik],n.异教徒，异端者
heretofore,['hiәtu'fo:],adv.直到此时，迄今，此时以前
heritage,['heritidӡ],n.遗产，继承权，传统
heroine,['herәuin],n.女英雄，女主人公
heron,['herәn],n.苍鹭的巢
herring,['heriŋ],n.青鱼，鲱
hitch,[hit∫],n.猛拉，急推，蹒跚，故障,vt.猛拉，系住，拴，钩住，套住,vi.蹒跚，被钩住
Hitler,['hitlә],n.希特勒(纳粹德国独裁者，1889-1945)
hoarse,[ho:s],adj.嘶哑的
hoe,[hәu],n.锄头,v.用锄耕地，锄
homestead,['hәumsted],n.家园，田产
honeymoon,['hΛnimu:n],n.蜜月,vi.度蜜月,v.度蜜月
hoop,[hu:p],n.箍，铁环，戒指，篮,v.加箍于，环绕
hopeful,['hәupful],adj.怀有希望的，有希望的
hopelessly,[],adv.无望地，绝望地
horizontal,[˛hori'zontl],adj.地平线的，水平的
horrify,['horifai],v.使恐怖，使极度厌恶，惊骇
hose,[hәuz],n.软管，水龙带，长筒袜,v.用软管浇水
hospitable,['hospitәbl],adj.好客的，招待周到的
hotly,['hotli],adv.暑热地，热心地，激烈地
hull,[hΛl],n.(果实等的)外壳，船体，Hull赫尔
humbly,[],adv.谦恭地
humiliate,[hju(:)'milieit],v.羞辱，使丢脸，耻辱
humility,[hju(:)'militi],n.谦卑
humorous,['hju:mәrәs],adj.富幽默感的，滑稽的，诙谐的，想入非非的，异想天开的
huntsman,['hΛntsmәn],n.猎人，管猎犬者
Huron,['hjuәrәn],n.休伦湖（北美五大湖中的第二大湖）
hurricane,['hΛrikәn; -kin],n.飓风，狂风
hurriedly,[],adv.仓促地，慌忙地
husk,[hΛsk],n.（果类或谷物的）外壳(通常用复数)，皮，无价值之物,vt.剥...的壳，削皮
husking,[`hΛskiŋ],n.剥玉米壳的工作，外壳的去除
hustle,['hΛsl],n.急速活动，挤，推，拥挤喧嚷,vt.驱赶，驱逐，乱挤，硬逼（某人）买或做事，强夺,vi.硬挤过去
hygiene,['haidӡi:n],n.卫生，卫生学
idiot,['idiәt],n.白痴，愚人，傻瓜
idleness,['aidlnis],n.闲散，懒惰，赋闲无事
idly,[],adv.懒惰地，空闲地
immensely,[i'mensli],adv.无限地，广大地，庞大地，非常
immigration,[˛imi'grei∫әn],n.外来的移民，移居入境
immortality,[imo:'tælәti],n.不朽，不朽的声名
impair,[im'pєә],v.削弱
impatience,[im'pei∫әns],n.急躁
impatiently,[],adv.无耐性地
impel,[im'pel],vt.推动，推进，激励，驱使，逼迫
imperative,[im'perәtiv],n.命令，诫命，需要，规则，祈使语气,adj.命令的，强制的，紧急的，必要的，势在必行的，[语法]祈使的
imperfect,[im'pә:fikt],adj.有缺点的，未完成的，减弱的，[语]未完成时的，未完成过去时的,n.未完成体
inasmuch,[˛inәz'mΛt∫],adv.因...之故，因为
incapable,[in'keipәbl],adj.无能力的，不能的
incidentally,[insi'dentәli],adv.附带地，顺便提及
inclement,[in'klemәnt],adj.险恶的，严酷的
inconvenience,[˛inkәn'vi:njәns],n.麻烦，不方便之处
increasingly,[in'kri:siŋli],adv.日益，愈加
incur,[in'kә:],v.招致
indefinitely,[],adv.不确定地
indignant,[in'dignәnt],adj.愤怒的，愤慨的
indirect,[˛indi'rekt; indai'rekt],adj.间接的，迂回的
indulgence,[in'dΛldӡ(ә)ns],n.放任
inevitably,[],adv.不可避免
infancy,['infәnsi],n.幼年
infect,[in'fekt],vt.[医] 传染，感染
infer,[in'fә:],v.推断
inference,['infәrәns],n.推论
infinitely,['infinitli],adv.无限地，无穷地
inflame,[in'fleim],v.燃烧
informal,[in'fo:mәl],adj.不正式的，不拘礼节的
injunction,[in'dӡΛŋk∫әn],n.命令，指令，[律]禁令(法院强制被告从事或不得从事某项行为的正式命令)
injurious,[in'dӡuәriәs],adj.有害的
inscribe,[in'skraib],v.记下
insignificant,[˛insig'nifikәnt],adj.无关紧要的，可忽略的，无意义的
insurrection,[˛insә'rek∫әn],n.起义
integrity,[in'tegriti],n.正直，诚实，完整，完全，完整性
intellect,['intilekt],n.智力
intensely,[],adv.激烈地，热情地
intently,[],adv.专心地，集中地，专心地
intercourse,['intә(:)ko:s],n.交往，交流
interpose,[˛intә(:)'pәuz],v.提出
intimacy,['intimәsi],n.亲密，隐私，亲昵行为(尤指不正当的性关系)
intolerable,[in'tolәrәbl],adj.无法忍受的，难耐的
intoxicate,[in'toksikeit],vt.使陶醉，醉人
intricate,['intrikit],adj.复杂的，错综的，难以理解的
intrude,[in'tru:d],vi.闯入，侵入,vt.强挤入，把(自己的思想)强加于人
intruder,[in'tru:dә],n.入侵者
intrust,[in'trΛst],vt.信托，交托，信赖
invalid,[in'vælid],n.病人，残废者,adj.有病的，残废的
invert,[in'vә:t],adj.转化的,vt.使颠倒，使转化,n.颠倒的事物
investigator,[in`vestigeitә(r)],n.调查人
iris,['aiәris],n.[解]虹膜，鸢尾属植物，[希神]彩虹之女神，虹，虹彩
irresistible,[˛iri'zistәbl],adj.不可抵抗的，不能压制的
irrigation,[˛iri'gei∫әn],n.灌溉，冲洗
jeer,[dӡiә],n.嘲笑，讥讽，戏弄,v.嘲弄，戏弄
jet,[dӡet],n.喷射，黑玉,v.喷射,adj.黑玉色的，墨黑的,喷气机
jingle,['dӡiŋgl],n.叮当声,v.(使)作叮当声，(使)押韵
Jordan,['dӡo:dn],n.约旦(位于西南亚的国家)，约旦河
jostle,['dӡosl],v.挤，推，争夺,n.挤拥，推撞
Jove,[dӡәuv],n.[罗神]朱庇特主神，<诗>木星
joyfully,[],adv.喜悦地，高兴地
judicial,[dӡu(:)'di∫әl],adj.司法的，法院的，公正的，明断的
jug,[dӡΛg],n.水壶，监牢，[象声]模仿夜莺的叫声,vt.放入壶中，炖，关押,vi.模仿夜莺叫
junction,['dӡΛŋk∫әn],n.连接，接合，交叉点，汇合处
junk,[dӡΛŋk],n.垃圾，舢板
Juno,['dӡu:nәu],n.Jupiter 之妻
jurisdiction,[˛dӡuәris'dik∫әn],n.权限
justly,['dӡΛstli],adv.公正地，正当地，应得地
keel,[ki:l],n.龙骨(船的脊骨)，平底船,vt.装以龙骨，使倾覆,vi.倾覆
ken,[ken],n.视野，知识领域，见地
kerosene,['kerәsi:n],n.煤油，火油
kingly,['kiŋli],adj.君主的
knell,[nel],n.丧钟,v.敲丧钟
knelt,[nelt],vbl.kneel的过去式和过去分词
knives,[naivz],n.刀子
knoll,[nәul],n.小山
label,['leibl],n.标签，签条，商标，标志,vt.贴标签于，指...为，分类，标注,[计] 加上或修改磁盘的标签
lag,[læg],n.落后，囚犯，迟延，桶板，防护套,adj.最后的,vi.缓缓而行，滞后,vt.落后于，押往监狱，加上外套
lain,[lein],vbl.lie的过去分词
lamentation,[˛læmen'tei∫әn],n.悲叹，哀悼
landless,['lændlis],adj.无主地的，无不动产的，无陆地的
languish,['læŋgwi∫],vi.憔悴，凋萎，衰退，苦思
languishing,['læŋgwi∫iŋ],adj.日趋衰弱的，苦思的，渴望的
lapse,[læps],n.失误，下降，流逝，丧失，过失,v.失检，背离，堕入，流逝，失效，下降
lard,[lα:d],n.猪油
lass,[læs],n.少女，爱人，情妇，<苏格兰>女佣
lastly,['lα:stli],adv.最后，终于
latch,[læt∫],n.门插销,v.闭锁
laundry,['lo:ndri],n.洗衣店，要洗的衣服，洗熨
lavish,['lævi∫],adj.非常大方的，过分丰富的，浪费的,vt.浪费，滥用，慷慨给予
lawful,['lo:fәl],adj.法律许可的，守法的，受自然规律支配的
lawless,['lo:lis],adj.非法的，违法的
layman,['leimәn],n.外行
leaflet,['li:flit],n.小叶，传单
leafy,['li:fi],adj.叶状的，多叶的，阔叶的，树叶茂盛的
leak,[li:k],n.漏洞，漏出，漏出物，泄漏，<俚>撒尿,vi.漏，泄漏,vt.使渗漏
legislature,['ledӡis˛leit∫ә],n.立法机关，立法机构
leisurely,['leӡәli; 'li:ӡәli],adv.从容不迫
lemonade,[˛lemә'meid],n.柠檬水
lengthen,['leŋθәn],v.延长，(使)变长
lens,[lenz],n.透镜，镜头
leopard,['lepәd],n.豹，美洲豹.美洲虎
lesser,['lesә],adj.较小的，更少的，次要的
liability,[˛laiә'biliti],n.责任，义务，倾向，债务，负债，与assets相对
liar,['laiә],n.(惯于)说谎者
lichen,['laikәn],n.[植]青苔，地衣，苔藓
lifeless,['laiflis],adj.无生命的，无生气的
lighthouse,['laithaus],n.灯塔
lighting,['laitiŋ],n.照明，照明设备，舞台灯光，点火
Lincoln,['liŋkәn],n.林肯
listener,['lisnә],n.收听者，听众
livelihood,['laivlihud],n.生计，谋生
Liverpool,['livәpu:l],n.利物浦（英国英格兰西部港口城市）
livery,['livәri],n.侍从，（贵族家中规定仆人穿的衣服）制服，特定服装
lizard,['lizәd],n.[动]蜥蜴
loath,[lәuθ],adj.不情愿的，勉强的
loathe,[lәuð],vt.厌恶，憎恶
lobby,['lobi],n.大厅，休息室，<美>游说议员者,vi.游说议员，经常出入休息室,vt.对(议员)进行疏通
lobster,['lobstә],n.龙虾
locust,['lәukәst],n.[动]蝗虫，蚱蜢，蝉
loft,[loft],n.阁楼
logical,['lodӡikәl],adj.合乎逻辑的，合理的
loin,[loin],n.腰
lookout,['luk'aut],n.望员，监视哨，看守
loon,[lu:n],n.懒人，笨蛋，[动物]潜鸟
loosely,['lu:sli],adv.宽松地，松散地
loudness,[`laudnis],n.大声，喧闹，响度
Louisiana,[lu(:)˛i:zi'ænә],n.路易斯安那，(美国南部的州名)
Louisianian,[lu:˛i:zi`æniәn],n.美国路易斯安那州的人或居民,adj.路易斯安那州(人)的
lounge,[laundӡ],n.闲逛，休闲室，长沙发,vi.闲荡，懒洋洋地躺卧,vt.虚度光阴
loveliness,[],n.可爱，漂亮，魅力
luminous,['lju:minәs],adj.发光的，明亮的
lust,[lΛst],n.活力，繁殖力，强烈的性欲,vi.强烈欲望，渴望，引起性冲动
lusty,['lΛsti],adj.健壮的，精力充沛的
luxurious,[lΛg'zjuәriәs],adj.奢侈的，豪华的
lynx,[liŋks],n.[动] 山猫，猞猁
lyre,['laiә],n.七弦琴，小竖琴
magnet,['mægnit],n.磁体，磁铁
magnetic,[mæg'netik],adj.磁的，有磁性的，有吸引力的
magnificence,[mæg'nifisns],n.华丽，富丽堂皇
magnify,['mægnifai],vt.放大，扩大，赞美，夸大，夸张,vi.有放大能力
magnitude,['mægnitju:d],n.大小，数量，巨大，广大，量级
mahogany,[mә'hogәni],n.[植]桃花心木，其木材，红褐色
mainland,[`meinlәnd;-lænd],n.大陆
make-up,['meikΛp],n.捏造
mam,[mæm],n.<英方>妈
manger,['meindӡә],n.马槽，牛槽，[船]挡水板
Manhattan,[mæn'hætәn],n.曼哈顿岛(美国纽约一区)
manifold,['mænifәuld],n.复印本，多种,adj.多种形式的，有许多部分的，多方面的,vt.复写，繁殖，增多
manor,['mænә],n.(封建领主的)领地，庄园
manual,['mænjuәl],n.手册，指南,adj.手的，手动的，手工的，体力的，手册(性质)的，[律]实际占有的
manure,[mә'njuә],n.肥料,v.施肥于
marginal,['mα:dӡinәl],adj.记在页边的，边缘的，边际的
marshal,['mα:∫әl],n.元帅，典礼官，执行官，司仪官,vt.整顿，配置，汇集,vi.排列，集合
martial,['mα:∫әl],adj.战争的，军事的，尚武的，威武的
Marx,[mα:ks],n.马克思(马克思主义创始人，1818-1883)
Marxism,['mα:ksizәm],n.马克思主义
masculine,['mα:skjulin],adj.男性的，男子气概的，[语法] 阳性的,n.男子，男孩
mash,[mæ∫],v.捣碎
massacre,['mæsәkә],n.残杀，大屠杀,v.残杀，集体屠杀
masterpiece,['mα:stәpi:s],n.杰作，名著
matchless,['mæt∫lis],adj.无敌的，无比的
materially,[mә'tiәriәli],adv.本质上，物质上，重大
maternal,[mә'tә:nl],adj.母亲的，似母亲的，母性的
mathematics,[˛mæθi'mætiks],n.数学
matron,['meitrәn],n.护土长，女舍监，保姆，主妇
maturity,[mә'tjuәriti],n.成热，完备，(票据)到期，成熟
mechanism,['mekәnizәm],n.机械装置，机构，机制
medieval,[˛medi'i:vәl],adj.中世纪的，仿中世纪的，老式的，<贬>原始的
meditate,['mediteit],v.想，考虑，(尤指宗教上的)沉思，冥想
meditation,[medi'tei∫әn],n.沉思，冥想
meekly,[],adv.温顺地，懦弱地
membrane,['membrein],n.膜，隔膜
merriment,['merimәnt],n.欢喜，嬉戏
mesh,[me∫],n.网孔，网丝，网眼，圈套，陷阱，[机]啮合,vt.以网捕捉，啮合，编织,vi.落网，相啮合
metropolis,[mi'tropәlis],n.首都，主要都市，都会，大主教教区，大城市
metropolitan,[metrә'polit(ә)n],adj.首都的，主要都市的，大城市
mew,[mju:],n.厩舍，海鸥,vi.换羽毛,n.鹰笼，巢，隐匿处,vt.把...关进笼子
microscope,['maikrәskәup],n.显微镜
midday,['middei],n.正午
midsummer,[mid'sΛmә(r); 'midsΛmә(r)],n.仲夏，夏至
midway,['mid'wei],n.中途，半路,adj.中途的,adv.在中途
migrate,[mai'greit; 'maigreit],vi.移动，移往，移植，随季节而移居，(鸟类的)迁徙,vt.使移居，使移植
migration,[mai'grei∫әn],n.移民，移植，移往，移动
Milan,[mi`læn; -`lα:n],n.米兰(意大利北部城市)
mildly,['maildli],adv.温和地，适度地，略微
miller,['milә],n.磨坊主，面粉厂主，碾磨工，铣工，[昆]蛾
mince,[mins],v.切碎
mire,['maiә],n.泥潭,v.陷入
miscellaneous,[misi'leinjәs; -niәs],adj.各色各样混在一起，混杂的，多才多艺的
mischievous,['mist∫ivәs],adj.有害的，恶作剧的，淘气的，为害
mistakenly,[],adv.错误地，曲解地
mister,['mistә],n.先生
misty,['misti],adj.有薄雾的
moat,[mәut],n.护城河，城壕,v.挖壕围绕
moderately,[],adv.适度地
moderation,[˛modә'rei∫әn],n.适度
modesty,['modisti],n.谦逊，虚心
modification,[˛modifi'kei∫әn],n.更改，修改，修正
molasses,[mә'læsiz],n.<美>糖蜜
molten,['mәultәn],v.熔化,adj.熔铸的
momentary,['mәumәntәri],adj.瞬间的，刹那间的
monarchy,['monәki],n.君主政体，君主政治，君主国
monotonous,[mә'notәnәs],adj.单调的，无变化的
Montana,[mon'tænә],n.蒙大纳(美国州名)
moose,[mu:s],n.[动] 驼鹿(产于北美的一种大鹿)
morality,[mo'ræliti],adj.道德的,n.道德
morrow,['morәu],n.次日
morsel,['mo:sәl],n.(食物)一口，少量
mortality,[mo:'tæliti],n.死亡率
mortar,['mo:tә],n.臼，研钵，灰泥，迫击炮,vt.用灰泥涂抹，用灰泥结合
moth,[moθ],n.蛾，蛀虫
motorcar,['mәutәkα:(r)],n.汽车
motorist,['mәutәrist],n.乘汽车者，常坐汽车的人
motto,['motәu],n.座右铭，格言，题词，笺言
mountaineer,[˛maunti'niә],n.山地人，登山运动员,v.登山
mountainous,['mauntinәs],adj.多山的，山一般的，巨大的
mournful,['mo:nful],adj.悲哀的
mouthful,['mauθ˛ful],n.一口，满口
mow,[mau],n.干草堆，谷堆,v.刈，扫除，收割庄稼，扫倒
mowing,['mәuiŋ],n.割草，一次收割量，牧草地
muffin,['mΛfin],n.松饼
muffle,['mΛfl],v.包，蒙住，压抑(声音),n.围巾，头巾，消声器
mumble,['mΛmbl],n.喃喃而语，咕哝，闭嘴细嚼,v.喃喃而语，咕哝
murderous,['mә:dәrәs],adj.杀人的，造成死亡的，<口>非常危险的(或困难，难受)的
musket,['mΛskit],n.步枪
muskrat,['mΛskræt],n.[动]麝鼠，麝鼠的毛皮
muslin,['mΛzlin],n.一种薄细的棉布，[总称]女性
mustache,[mәs'tα:∫],n.髭，胡子
mustard,['mΛstәd],n.芥菜，芥末，芥末色，芥子气
muster,['mΛstә],n.集合，阅，样品，清单，一群,v.集合，召集，征召，鼓起(勇气等)，集聚
mutiny,['mju:tini],n.兵变，反抗,v.叛变，造反，兵变
muzzle,['mΛzl],n.动物之鼻口，(动物的)口套，钳制言论的手段，枪口，喷嘴,vt.戴口络于，上口罩
myriad,['miriәd],n.无数，无数的人或物，<诗>一万,adj.无数的，一万的，种种的
myth,[miθ],n.神话，神话式的人物(或事物)，虚构的故事，荒诞的说法
Naples,['neiplz],n.那不勒斯(意大利西南部港市)
nasty,['næsti],adj.污秽的，肮脏的，令人厌恶的，淫秽的，下流的，凶相的，威胁的
nationality,[˛næ∫ә'næliti],n.国籍，国家，部落，民族，民族性
naturalism,['næt∫әrәlizәm],n.自然主义，本能行动
naturalist,['næt∫әrәlist],n.自然主义者，博物学者
navigator,['nævigeitә],n.航海家,Netscape公司出品的WEB浏览器
nebula,['nebjulә],n.星云，云翳
necessitate,[ni'sesiteit],v.成为必要
necklace,['neklis],n.项链
necktie,['nektai],n.领带
needn't,['ni:dnt],need not之缩写
negotiate,[ni'gәu∫ieit],v.(与某人)商议，谈判，磋商，，买卖，让渡(支票、债券等)，通过，越过
Neptune,['neptju:n],n.[天]海王星
network,['netwә:k],n.网络，网状物，广播网
Newton,['nju:tn],n.牛顿
Niagara,[nai'ægәrә],n.尼亚加拉河(在加拿大和美国间),n.急流，洪水
nibble,['nibl],n.半位元组，细咬，轻咬，啃,v.一点一点地咬，细咬，吹毛求疵
Nicaragua,[˛nikә'rα:gwә; ˛nikә'rægjuә],n.[国名] 尼加拉瓜
nightingale,['naitiŋgeil],n.[动]夜莺，<美俚>(尤指爱尔兰民歌的)男高音者
nightly,['naitli],adj.每夜的,adv.夜夜
nightmare,['naitmeә(r)],n.梦魇，恶梦，可怕的事物
nimble,['nimbl],adj.敏捷的
nip,[nip],n.捏，夹，(寒冷等)刺骨，小饮,vt.捏，夹，冻伤，剪断，阻止,vi.夹，捏，刺骨，小饮，(口语)急忙
nobleman,['nәubәlmәn],n.贵族
noiselessly,[],静静地，轻轻地
non,[nuŋ],adv.非，不
nook,[nuk],n.隐蔽处
noonday,['nu:ndei],n.正午,adj.正午的
Northman,['no:θmәn],n.北方人(尤指北欧人，加拿大北部地区人)
northwestern,['no:θ'westәn],adj.西北方的，来自西北的
Norwegian,[no:'wi:dӡәn],adj.挪威的,n.挪威人，挪威语
notebook,['nәutbuk],n.笔记簿，笔记本
noted,['nәutid],adj.著名的
noticeable,['nәutisәbl],adj.显而易见的，值得注意的
notorious,[nәu'to:riәs],adj.声名狼籍的
Nottingham,['notiŋәm],n.诺丁汉(英国中北部郡名，该郡首府)
nought,[no:t],n.无，零
nourishment,['nΛri∫mәnt],n.食物，营养品
nucleus,['nju:kliәs],[nuclear的复数，见nuclear],n.核子
obedient,[ә'bi:djәnt; -diәnt],adj.服从的，孝顺的
objective,[әb'dӡektiv],n.目标，目的，(显微镜的)(接)物镜，[语法]宾格,adj.客观的，[语法]宾格的
obscurity,[әb'skjuәriti],n.阴暗，朦胧，偏僻，含糊，隐匿，晦涩，身份低微
observance,[әb'zә:vәns],n.遵守，惯例，仪式，庆祝
obstinate,['obstinit],adj.倔强的，顽固的
occupant,['okju:pәnt],n.占有者，居住者
oddly,['odli],adv.奇特地，古怪地
odious,['әudjәs; -diәs],adj.可憎的，讨厌的
offender,[ә'fendә],n.罪犯，冒犯者
officially,[ә'fi∫әli; (?@) 'o:f-],adv.职务上，正式
old-time,[],adj.以前的，旧式的
ominous,['ominәs],adj.预兆的，恶兆的，不吉利的
ooze,[u:z],n.[地] 软泥,v.渗出，泄漏
opal,['әupәl],n.[矿]蛋白石，猫眼石，乳色玻璃
opium,['әupjәm],n.鸦片,vt.用鸦片处理
oppression,[ә'pre∫әn],n.压迫，镇压，压抑，苦恼
orator,['orәtә],n.演说者，演讲者，雄辩家，[律]原告，请愿人
orb,[o:b],n.球，天体，圆形物,vt.弄圆，成球形，围着，vi.<古>沿着轨道移动
ordinance,['o:dinәns],n.法令，训令，布告，条例，圣餐礼，传统的风俗习惯
organic,[o:'gænik],adj.器官的，有机的，组织的，建制的
Orleans,[o:'liәnz; 'o:l-],奥尔良(法国中部城市)
ornamental,[˛o:nә'mentl],n.装饰物，观赏植物,adj.装饰性的，装饰的，装饰用的
osmotic,[oz'motik],adj.渗透的，渗透性的
otter,['otә],n.水獭，水獭皮
ourself,['auәself],pron.(我们)自己
outcome,['autkΛm],n.结果，成果
outcry,['autkrai],n.大声疾呼
outlaw,['autlo:],n.歹徒，逃犯，丧失公权者,v.将...放逐，宣布...为不合法
outlook,['autluk],n.景色，风光，观点，见解，展望，前景
overboard,['әuvәbo:d],adv.自船上落下，在船外
overcame,[˛әuvә'keim],vbl.overcome的过去式
overhear,[˛әuvә'hiә],vt.无意中听到，偷听
overnight,['әuvә'nait],n.头天晚上,adj.通宵的，晚上的，前夜的,adv.在前一夜，整夜，昨晚一晚上
overpower,[˛әuvә'pauә],vt.制服，压倒，供给...过强的力量
overtook,[˛әuvә'tuk],vbl.overtake的过去式
overturn,[˛әuvә'tә:n],n.倾覆，破灭，革命,vt.推翻，颠倒,vi.翻倒,n.翻转，毁灭
overwhelming,[˛әuvә'welmiŋ],adj.压倒性的，无法抵抗的
ownership,['әunә∫ip],n.所有权，物主身份
Oxfordshire,['oksfәd∫iә],n.牛津郡
pa,[pα:],[域] Paname ，巴拿马
packet,['pækit],n.小包裹，小捆,v.包装,信息包
pagan,['peigәn],n.异教徒,adj.异教的
painfully,[],adv.痛苦地
pal,[pæl],n.<口>好朋友，伙伴，同志,vi.结为朋友,abbr.Phase Alternating Line,PAL制式(逐行倒相制式)
Palestine,['pælistain],n.巴勒斯坦(西南亚一地区)
pamphlet,['pæmflit],n.小册子
pan,[pæn],n.平底锅，盘子，面板
pansy,['pænzi],n.[植]三色紫罗兰，<俚>脂粉气男子，同性恋男子
pants,[pænts],n.裤子，短裤
parch,[pα:t∫],vt.烤(干)，烘(干),vi.烤干，焦干
parchment,['pα:t∫mәnt],n.羊皮纸，毕业文凭
Parisian,[pә'rizjәn],n.巴黎人,adj.巴黎的，巴黎人的
parrot,['pærәt],n.鹦鹉，学舌者，机械模仿别人的人,vt.学舌
parsley,['pα:sli],n.[植]欧芹
partake,[pα:'teik],vt.分担，共享,vi.共享，参与，带有
partial,['pα:∫әl],adj.部分的，局部的，偏袒的，偏爱的,n.泛音
partially,['pα:∫әli],adv.部分地
participate,[pα:'tisipeit],vi.参与，参加，分享，分担
participator,[pα:`tisipeitә(r);pә-],n.参与者，合作者
parting,['pα:tiŋ],n.分别，分歧处，(头发的)分缝,adj.离别的，逝去的
partisan,[pα:ti'zæn],n.游击队
pastoral,['pα:stәrәl],n.牧歌，田园文学，田园诗,adj.牧人的，田园生活的，牧师的
pathetic,[pә'θetik],adj.可怜的，悲惨的
pathway,['pα:θwei],n.路，径
patrol,[pә'trәul],v.出巡，巡逻,n.巡逻
patronage,['pætrәnidӡ],n.保护人的身份，保护，赞助，光顾
patter,['pætә],n.急速拍打声，轻快脚步声，行话，(魔术师或小丑的)喋喋快语，饶舌,vi.急速地说，滴答地响，发出急速轻拍声，念经，念顺口溜，祷告,vt.使发嗒嗒声，喋喋不休地说
peal,[pi:l],n.隆隆声，响亮的钟声，很响的铃声,vt.使大声鸣响,vi.隆隆地响
peanut,['pi:nΛt],n.花生
peculiarly,[pi'kju:liәli],adv.特有地，特别地
pedestal,['pedistl],n.基架，底座，基础,vt.加座，搁在台上，支持
peg,[peg],n.钉，栓，桩，销子，借口,vt.钉木钉，固定，限制,vi.坚持不懈地工作
perception,[pә'sep∫әn],n.理解,感知，感觉,DPS公司出的数字影像压缩卡
perchance,[pә(:)'t∫α:ns; -t∫æns],adv.偶然，恐怕
periodical,[˛piәri'odikәl],adj.周期的，定期的,n.期刊，杂志
permanently,['pә:mәntli],adv.永存地，不变地
perpendicular,[˛pә:pәn'dikjulә],adj.垂直的，正交的,n.垂线
perplexity,[pә'pleksiti],n.困惑混乱
persecute,['pә:sikju:t],v.迫害
persecution,[˛pә:si'kju:∫әn],n.迫害，烦扰
personage,['pә:sәnidӡ],n.要人，名流，个人
Peru,[pә'ru:; pi'ru:],n.秘鲁
pest,[pest],n.有害物
petroleum,[pi'trәuliәm],n.石油
petticoat,['petikәut],n.衬裙，裙子
phonograph,['fәunәgrα:f],n.留声机，电唱机,vi.灌入留声机
physically,['fizik(ә)li],adv.身体上地
pilgrimage,['pilgrimidӡ],n.朝圣,vi.朝拜，朝圣
pill,[pil],n.药丸，口服避孕药，弹丸
placid,['plæsid],adj.平静的
planter,['plα:ntә],n.种植者，耕作者，种植园主，殖民者
Plato,['pleitәu],n.(427-347BC，古希腊哲学家)柏拉图
platter,['plætә],n.大浅盘
plaything,['pleiθiŋ],n.玩具，被玩弄的人
plebeian,[pli'bi(:)әn],n.平民，庶民,adj.平民的，卑俗的
plug,[plΛg],vt.堵，塞，插上，插栓,n.塞子，插头，插销
Plymouth,['plimәθ],普利茅斯(英国港市)
poisonous,['poiznәs],adj.有毒的
polar,['pәulә],adj.[天]两极的，极地的，南辕北辙的，南极的，(北极星似的)指引的，极性的，北极的,n.极线，极面
policy,['polisi],n.政策，方针
Polish,['pәuli∫],adj.波兰(Poland)的
politic,['politik],adj.策略性的
poorly,['puәli],adv.贫穷地，贫乏地,adj.身体不舒服的，心情恶劣的
poplar,['poplә],n.白杨，白杨木
porcelain,['po:slin; -lein],n.瓷器，瓷,adj.瓷制的，精美的，脆的
porcupine,['po:kjupain],n.[动]豪猪，箭猪
pore,[po:; poә],n.毛孔，小孔，气孔,vi.熟读，凝视，细想，沉思,vt.因凝视过度使...疲劳
portal,['po:tәl],n.入口
Portuguese,[˛po:tju'gi:z],adj.葡萄牙的，葡萄牙人的，葡萄牙语的,n.葡萄牙人，葡萄牙语
possum,['posәm],n.[动]负鼠,vi.装死
potent,['pәutәnt],adj.有力的，有效的
pouch,[paut∫],n.小袋，烟草袋，钱袋，育儿袋,vt.把...装入袋中，使成袋状,vi.成袋状
pout,[paut],n.撅嘴，板脸，生气，大头鱼类,v.撅嘴，绷脸
precarious,[pri'kєәriәs],adj.不稳定的
precedent,[pri'si:dәnt],n.先例
preceding,[pri(:)'si:diŋ],adj.在前的，前述的
precept,['pri:sept],n.规则
precinct,['pri:siŋkt],n.区域，围地，范围，界限，选区
precipice,['presipis],n.悬崖
precipitate,[pri'sipiteit],n.沉淀物,vt.猛抛，使陷入，促成，使沉淀,vi.猛地落下,adj.突如其来的，陡然下降(或下落)的，贸然轻率的
precise,[pri'sais],adj.精确的，准确的,n.精确
precision,[pri'siӡәn],n.精确，精密度，精度
predecessor,['pri:disesә],n.前辈，前任，(被取代的)原有事物
prediction,[pri'dik∫әn],n.预言，预报
premise,['premis],n.[逻][法]前提，(企业，机构等使用的)房屋连地基,vt.提论，预述，假定,vi.作出前提
premium,['primjәm],n.额外费用，奖金，奖赏，保险费，(货币兑现的)贴水
Presbyterian,[˛prezbi'tiәriәn],adj.长老制的，长老会的,n.长老教会员
presentation,[˛prezen'tei∫әn],n.介绍，陈述，赠送，表达
preservation,[˛prezә(:)'vei∫әn],n.保存
prestige,[pres'ti:ӡ; -'ti:dӡ],n.声望，威望，威信
prevalent,['prevәlәnt],adj.普遍的，流行的
prevention,[pri'ven∫әn],n.预防，防止
primarily,['praimәrili],adv.首先，起初，主要地，根本上
primrose,['primrәuz],n.樱草花，报春花，樱草色，淡黄色,adj.樱草的，樱草色的，淡黄色的
princely,['prinsli],adj.高贵的
printer,['printә],n.印刷工，打印机
privacy,['praivәsi],n.独处而不受干扰，秘密
proclamation,[proklә'mei∫(ә)n],n.宣布
prodigious,[prә'didӡәs],adj.巨大的
profane,[prә'fein],adj.亵渎的,v.亵渎
proffer,['profә],v.提供,n.提供
profoundly,[prә'faundli],adv.深深地，衷心地
promenade,[˛promi'nα:d],n.散步,v.散步,adj.散步的
prone,[prәun],adj.倾向于
prop,[prop],n.支持者，倚靠人，道具，螺旋桨,vt.支撑，维持
propagate,['propәgeit],v.繁殖，传播，宣传
prophesy,['profisi],v.预言，预报
prosecute,['prosikju:t],vt.实行，从事，告发，起诉,vi.告发，起诉，作检察官
prospective,[prәs'pektiv],adj.预期的
prostrate,[pros'treit],adj.降伏的，沮丧的，衰竭的，俯卧的,vt.弄倒，使屈服
protective,[prә'tektiv],adj.给予保护的，保护的
protector,[prә'tektә],n.保护者
proverb,['provә(:)b],n.谚语
Providence,['providәns],普罗维登斯(美国罗得岛州的首府)
provincial,[prә'vin∫әl],adj.省的
prowess,['prauis],n.威力
prowl,[praul],v.巡游
prudence,['pru:dәns],n.审慎
prune,[pru:n],v.剪除
pry,[prai],v.探查
psalm,[sα:m],n.圣歌
psychological,[˛saikә'lodӡikәl],adj.心理(上)的
pulp,[pΛlp],n.(水果的)果肉，纸浆,vt.使化成纸浆，除去...果肉，,vi.变成纸浆
pulpit,['pulpit],n.(教堂的)讲道坛
punctuate,['pΛŋktjueit],v.加标点于，不时打断,vi.使用标点，加标点
pup,[pΛp],n.小狗，幼畜，自负的傻小子,v.生小狗
purge,[pә:dӡ],n.净化，清除，泻药,v.(使)净化，清除，肃清，(使)通便
quack,[kwæk],v.(指鸭)呷呷地叫，大声闲聊，吹嘘,n.(鸭子)呷呷叫声，庸医，骗子,adj.骗人
quail,[kweil],v.感到恐惧
qualification,[˛kwolifi'kei∫әn],n.资格，条件，限制，限定，赋予资格
Quebec,[kwi'bek],魁北克(加拿大省名)
query,['kwiәri],n.质问，询问，怀疑，疑问,v.询问，表示怀疑
quill,[kwil],n.羽茎，大翎毛，（豪猪、刺猬的）刚毛,vt.刺穿
quilt,[kwilt],n.棉被,vt.制成棉被，摘录，编辑,vi.缝被子
radiance,[`reidiәns],n.光辉，闪烁，辐射率，深粉红色
raft,[rα:ft],n.筏，救生艇，橡皮船，大量,vi.乘筏,vt.筏运，制成筏
rafter,['rα:ftә],n.椽，筏夫
railing,['reiliŋ],n.栏杆，扶手
raiment,['reimәnt],n.[古或诗]衣服，服饰
raisin,['reizn],n.葡萄干
ramble,['ræmbl],v.漫游,n.漫游
rapidity,[rә'piditi],n.速度，迅速，急速
rash,[ræ∫],adj.轻率的，匆忙的，卤莽的,n.[医]皮疹
ratify,['rætifai],vt.批准，认可
ration,['ræ∫әn],n.定量，配给量，定量配给,v.配给，分发，实行定量配给
rational,['ræ∫әnl],adj.理性的，合理的，推理的,n.[数]有理数
ravage,['rævidӡ],n.破坏，蹂躏，劫掠后的痕迹，创伤,v.毁坏，掠夺
rave,[reiv],v.咆哮
ravine,[rә'vi:n],n.沟壑，峡谷，溪谷
razor,['reizә],n.剃刀,vt.剃
readiness,['redinis],n.准备就绪
reappear,['ri:ә'piә],vi.再出现
reasonably,['ri:zәnәbli],adv.适度地，相当地
rebuild,['ri:'bild],v.重建，改造，复原，重新组建
recollect,[˛rekә'lekt],v.回忆，想起，记起，忆起，记得
recompense,['rekәmpәns],v.报偿,n.报偿
reconstruction,['ri:kәn'strΛk∫әn],n.重建，改造
recount,[ri'kaunt],v.叙述
reddish,[`redi∫],adj.微红的，略带红色的
reef,[ri:f],n.暗礁，收帆,v.收(帆)
refine,[ri'fain],vt.精炼，精制，使文雅高尚
refined,[ri'faind],adj.精制的，优雅的，精确的
refinement,[ri'fainmәnt],n.精致，(言谈，举止等的)文雅，精巧
regal,['ri:gәl],adj.帝王的，适于帝王的
rehearsal,[ri'hә:sәl],n.排演，演习，预演，试演
reindeer,['reindiә],n.驯鹿
rejoin,['ri:'dӡoin],vt.使再结合，再加入，再回答,vi.重新聚集，回答，答辩
reluctant,[ri'lΛktәnt],adj.不顾的，勉强的，难得到的，难处理的
reluctantly,[],adv.不情愿地，嫌恶地
remarkably,[ri'mα:kәb(ә)li],adv.非常地，显著地，引人注目地
remodel,['ri:'modl],vt.重新塑造，改造，改变
remorse,[ri'mo:s],n.懊悔，自责，同情，怜悯
renaissance,[rә'neisәns],n.复兴，复活，新生，文艺复兴，文艺复兴时期
rend,[rend],v.撕碎
renounce,[ri'nauns],v.断绝关系
reparation,[˛repә'rei∫әn],n.赔偿，弥补，恢复，修理
repeatedly,[ri'pi:tidli],adv.重复地，再三地
repel,[ri'pel],vt.击退，抵制，使厌恶，使不愉快
reproduction,[˛ri:prә'dΛk∫әn],n.繁殖，再现，复制品
reptile,['reptail],n.爬虫动物，卑鄙的人,adj.爬行的，爬虫类的，卑鄙的
republican,[ri'pΛblikәn],adj.共和国的，共和政体的，共和主义的，有关共和的,n.共和党人
repulse,[ri'pΛls],v.拒绝，排斥，反驳，击退，憎恶,n.拒斥，击退，严拒
reputation,[˛repju(:)'tei∫әn],n.名誉，名声
requisite,['rekwizit],adj.需要的，必不可少的，必备的,n.必需品
reservoir,['rezәvwα:],n.水库，蓄水池
resolute,['rezәlju:t],adj.坚决的
resolved,[ri'zolvd],adj.下定决心的，断然的
resound,[ri'zaund],v.回响，赞扬
respectfully,[ris'pektfuli],adv.尊敬地，谦恭地
respective,[ris'pektiv],adj.分别的，各自的
respectively,[ri'spektivli],adv.分别地，各个地
restrict,[ris'trikt],vt.限制，约束，限定
retail,['ri:teil],n.零售,adj.零售的,vt.零售，转述,vi.零售,adv.以零售方式
retirement,[ri'taiәmәnt],n.退休，引退，退却，撤退
revel,['revl],v.狂欢,n.狂欢
revise,[ri'vaiz],vt.修订，校订，修正，修改
revival,[ri'vaivәl],n.苏醒，复兴，复活，再生效，复苏
revolve,[ri'volv],v.(使)旋转，考虑，循环出现
revolver,[ri'volvә],n.连发左轮手枪，旋转者，旋转式装置
rheumatism,['ru:mәtizәm],n.风湿，风湿病
rhythm,['riðәm; 'riθәm],n.节奏，韵律
richly,['rit∫li],adv.富裕地，丰富地，贵重地，富饶地
ridden,['ridn],adj.受折磨的，受虐待的，充斥...的，全是...的,vbl.rid的过去分词
ridicule,['ridikju:l],n.嘲笑，奚落,v.嘲笑，奚落
rig,[rig],n.索具装备，钻探设备，钻探平台，钻塔,v.装上索具，配备，装配
right-hand,[],adj.右手的，得力的
righteous,['rait∫әs],adj.正直的，正当的，正义的
rightly,['raitli],adv.端正地，正当地，正确地，公正地，恰当地
rill,[ril],n.小河，小溪,vi.小河般流
rind,[raind],n.外壳
roadside,['rәudsaid],n.路旁,adj.路旁的
robbery,['robәri],n.抢掠，抢夺
rooster,['ru:stә],n.雄禽，<主美>公鸡
rot,[rot],v.(使)腐烂，(使)腐败,n.腐烂，腐败
rotation,[rәu'tei∫әn],n.旋转
rouge,[ru:ӡ],n.口红，胭脂，红铁粉,v.擦口红
rout,[raut],n.溃退,v.击溃
rubbish,['rΛbi∫],n.垃圾，废物，废话
ruddy,['rΛdi],adj.红的，红润的,v.(使)变红
rue,[ru:],n.<古>懊悔，后悔，[植]芸香,v.后悔，悲伤，懊悔
rum,[rΛm],n.浪姆酒(用甘蔗或糖蜜等酿制的一种甜酒),adj.古怪的，奇特的
rung,[rΛŋ],n.地位，横档,vbl.ring的过去式和过去分词
Sabbath,['sæbәθ],n.安息日
sable,['seibl],n.[动]紫貂，黑貂，黑貂皮，丧服,adj.黑貂皮的，黑的，昏暗的
sanctuary,['sæŋktjuәri],n.避难所
sandstone,['sændstәun],n.[地] 沙岩
sanitary,['sænitәri],adj.(有关)卫生的，(保持)清洁的，清洁卫生的,n.(有关生设备的)公共厕所
sapphire,['sæfaiә],n.兰宝石
Satan,['seitәn],n.撒旦，魔鬼
satire,['sætaiә],n.讽刺文学，讽刺
Saturn,['sætә(:)n],n.[天]土星，土星火箭，[商]杀草丹
saucepan,['so:spәn; (?@) -pæn],n.长柄而有盖子的深锅，炖锅
saucer,['so:sә],n.茶托，碟子，茶碟
saucy,['so:si],adj.漂亮的
savagely,[],adv.野蛮地，残酷地
saviour,['seivjә],n.[亦作savior] 救星，[The Saviour] 救世主，耶稣基督
savour,['seivә],n.风味,v.品尝
scamper,['skæmpә],v.奔跳,n.奔跑
scan,[skæn],v.细看，审视，浏览，扫描,n.扫描
scant,[skænt],adj.缺乏的，不足的，将近的，欠缺的,v.限制，节省，减少
scarcity,['skєәsiti],n.缺乏，不足
scepter,['septә],n.笏，节杖，王权,vt.授予节杖，拥登王位，授与王权
scholarship,['skolә∫ip],n.奖学金，学问，学识
schoolmaster,['sku:lmα:stә(r)],n.教师，校长
schoolroom,['sku:lru:m; 'sku:lrum],n.教室
scissors,['sizәz],n.剪刀
scoff,[skof],n.嘲笑，嘲弄的话，嘲弄的对象，愚弄，笑柄，食品,v.轻蔑地说，嘲笑，嘲弄，贪吃，狼吞虎咽
scoop,[sku:p],n.铲子,v.掘，挖
scorch,[sko:t∫],v.烧焦，枯萎,n.烧焦，焦痕，枯黄
Scottish,['skoti∫],adj.苏格兰的，苏格兰人的
scour,['skauә],vt.冲洗，擦亮，(搜索或追捕时)急速走遍,vi.擦，洗，冲刷，腹泻，急速穿行,n.擦，洗，洗涤剂，腹泻
scrape,[skreip],n.刮，擦，擦痕，刮擦声，困境,vi.刮掉，擦掉，刮出刺耳声,vt.刮，擦，擦伤，挖成
screech,[skri:t∫],n.尖声喊叫，尖叫声，急煞车声,vt.尖着声音讲或喊,vi.发出尖锐的声音，发出恐惧或痛苦的叫喊声
scripture,['skript∫ә],n.手稿，文件，[Scripture] 基督教(圣经)，经文
sculptor,[`skΛlptә(r)],n.雕刻家
seashore,['si:∫o:],n.海岸，海滨
secrecy,['si:krisi],n.秘密，保密
seeming,['si:miŋ],adj.表面上的,n.外观
seemingly,['si:miŋli],adv.表面上地
semblance,['semblәns],n.外表，伪装
senseless,['senslis],adj.不省人事的，无感觉的，无意识的
sentimental,[˛senti'mentl],adj.感伤性的，感情脆弱的
separately,['sepәrәtli],adv.个别地,分离地
sequence,['si:kwәns],n.次序，顺序，序列
setting,['setiŋ],n.安置，安装，(太阳)落山，(固定东西的)框架，底座
sever,['sevә],v.切断
severity,[si'veriti],n.严肃，严格，严重，激烈
sewer,['sjuә],n.下水道，缝具，缝纫者
shack,[∫æk],n.小室
shaggy,['∫ægi],adj.毛发粗浓杂乱的，蓬松的，表面粗糙的
shameful,['∫eimful],不体面的
shark,[∫α:k],n.[鱼]鲨鱼，骗子<俚>内行，专家,v.敲诈
shawl,[∫o:l],n.披肩，围巾
sheath,[∫i:θ],n.鞘，护套，外壳
shingle,['∫iŋgl],n.鹅卵石，<美口>小招牌(尤指医生或律师挂的营业招牌)
shiny,['∫aini],adj.擦亮的，有光泽的，晴朗的，闪耀的，发亮的
shipment,['∫ipmәnt],n.装船，出货
shipwreck,['∫iprek],n.船只失事，海难，遇难
shoal,[∫әul],n.浅滩，沙洲，鱼群，大量,adj.水浅的,v.(使)变浅，驶入(浅水等)，(鱼等)群集
shortage,['∫o:tidӡ],n.不足，缺乏
shorten,['∫o:tn],v.缩短，(使)变短
shred,['∫red],n.碎片，破布，少量剩余，最少量,v.撕碎，切碎
shroud,[∫raud],n.裹尸布，寿衣，覆盖物，船的横桅索,vt.用裹尸布裹，遮蔽，隐藏
shuffle,['∫Λfl],n.拖着脚走，混乱，蒙混，洗纸牌,v.拖曳，搅乱，慢吞吞地走，推诿，洗牌
sickbed,['sikbed],n.病床，卧床
sicken,['sikn],vt.使患病，使嫌恶，使恶心或昏晕,vi.得病，变厌腻
sickening,['sikniŋ],adj.令人作呕的，使人昏晕的
sickly,['sikli],adj.有病的，苍白的，惨淡的，疾病流行的，令人作呕的，多病的
sieve,[siv],n.筛，滤网，不会保密的人,v.筛，过滤
sill,[sil],n.基石，门槛，窗台，[地质]岩床
silvery,['silvәri],adj.似银的，有银色光泽的，银铃一般的，清脆的
similarly,['similәli],adv.同样地，类似于
simultaneously,[simәl'teiniәsly; (?@) saim-],adv.同时地
sincerity,[sin'seriti],n.诚挚，真实，真挚
sinew,['sinju:],n.肌肉，精力，体力，原动力，[解]腱,vt.赋予力量，加强
sinister,['sinistә],adj.险恶的
sinner,['sinә],n.罪人，不信神的人
sip,[sip],v.吸吮
siren,['saiәrin],n.汽笛，警报器，空袭警报，妖妇,v.(救火车等)响着警报器行驶
sirup,['sirәp],n.糖浆，糖蜜
sixpence,['sikspәns],n.六便士银币，六便士
skipper,['skipә],n.船长
skirmish,['skә:mi∫],n.小冲突,v.进行一场小冲突
slab,[slæb],n.厚平板，厚片，混凝土路面，板层,v.把...分成厚片，用石板铺
slack,[slæk],n.松弛，静止，淡季，闲散，家常裤,adj.松弛的，不流畅的，疏忽的，软弱的，漏水的，呆滞的，懒散的,adv.马虎地，缓慢地,vt.使松弛，使缓慢，马虎从事,vi.松懈，减弱，松驰
slacken,['slækәn],v.松弛，放慢，减弱，减少，减缓放慢
slander,['slα:ndә],n.诽谤,v.诽谤
slash,[slæ∫],v.猛砍，鞭打，砍伤，大量削减，严历批评，抽打,n.猛砍，(大幅度)削减，斜线
sled,[sled],n.雪橇，摘棉,v.乘雪橇，用雪橇运，用摘棉机摘
sleek,[sli:k],adj.圆滑的
sleigh,[slei],n.雪橇,v.乘雪橇，用雪橇运输
sling,[sliŋ],n.投石器，弹弓，投掷，钩悬带，吊索,v.投掷，用悬带吊卦
slit,[slit],vt.切开，撕裂,n.裂缝，狭长切口
slum,[slΛm],n.贫民窟,vi.访问贫民区
smack,[smæk],n.滋味，风味，少量，拍击,v.带有...风味，用掌击，拍打
smelt,[smelt],n.[鱼]胡瓜鱼,vbl.smell的过去式和过去分词,vt.精炼，冶炼
snail,[sneil],n.蜗牛，迟钝的人,v.捉蜗牛，缓慢移动
sneeze,[sni:z],n.喷嚏,vi.打喷嚏
snore,[sno:; snoә],v.打鼾，打着鼾渡过(时间),n.打鼾，鼾声
snuff,[snΛf],n.灯花，烛花，鼻吸气息，气息,v.用鼻子使劲地吸，扑灭
snug,[snΛg],adj.暖和的
soberly,[],adv.严肃地，冷静地
socialistic,[˛sәu∫ә'listik],adj.社会主义的
sojourn,['sodӡә(:)n; 'sәudӡә: n],v.逗留,n.逗留
solicit,[sә'lisit],v.恳求
somber,['sombә(r)],adj.阴森的，昏暗的，阴天的，忧郁的
sonnet,['sonit],n.十四行诗，商籁体
sooth,[su:θ],n.真实,adj.真实的，抚慰的，温柔的，甜蜜的
sordid,['so:did],adj.肮脏
sorrowful,['sorәuful],adj.悲伤的
southeast,['sauθ'i:st],n.东南,adj.东南的
sovereignty,['sovrinti],n.君主，主权，主权国家
spank,[spæŋk],vt.打...的屁股，拍击，鞭策...前进，飞跑,vi.飞跑,n.一巴掌，出色的人(或东西)
spanking,['spæŋkiŋ],adj.强烈的，疾行的,adv.显著地,n.拍击，打屁股
specialist,['spe∫әlist],n.专门医师，专家
specialize,['spe∫әlaiz],vi.专攻，专门研究，使适应特殊目的，使专用于
speckle,['spekl],n.小的斑点，褐斑，斑点,vt.弄上斑点，弄成斑纹，沾上斑点
spectacular,[spek'tækjulә],adj.引人入胜的，壮观的
speechless,['spi:t∫lis],adj.不能说话的，酩酊大醉的
speedily,[],adv.赶紧，快快地
speedy,['spi:di],adj.快的，迅速的
spinage,['spinidӡ],n.菠菜
spindle,['spindl],n.锭子，纺锤，细长的人(或物)，轴，杆，心轴,v.长得细长，装锭子于,adj.锭子的，锭子似的
spiral,['spaiәrәl],adj.螺旋形的,n.螺旋,v.盘旋
splinter,['splintә],n.裂片，尖片，小事，碎片,v.裂成碎片，分裂
spool,[spu:l],n.线轴，所绕的数量，缠线用的框,vt.缠绕在线轴上，缠绕
spout,[spaut],n.喷管，喷口，水柱，喷流，管口,v.喷出，滔滔不绝地讲，喷涌
springtime,['spriŋtaim],n.春天，春季
sprout,[spraut],v.萌芽,n.苗芽
spurn,[spә:n],v.弃绝
squad,[skwod],n.班
squarely,[`skweәli],adv.方形地，直角地，四角地
squat,[skwot],v.蹲坐，蹲伏,n.蹲坐,adj.蹲着的
stab,[stæb],n.刺，刺伤的伤口，一阵突然而强烈的感觉，中伤，伤痛,v.剌，刺伤，伤害(感情等)
stability,[stә'biliti],n.稳定性
stag,[stæg],n.牡鹿，阉割过的雄鹿，刚长大的雄家禽，不带女伴的舞客，只有男性的社交晚会,vi.不带女伴参加晚会,adj.全是男人的
staircase,['steәkeis],n.楼梯
stairway,['steәwei],n.楼梯
standpoint,['stændpoint],n.立场，观点
staple,['steipl],n.钉书钉，钉，主要产品(或商品)，原材料，主要成分，来源,adj.主要的，常用的，大宗生产的,v.把...分类，把...分级
starry,['stα:ri],adj.布满星星的
starvation,[stα:'vei∫әn],n.饥饿，饿死
stationary,['stei∫(ә)nәri],固定的
statistics,[stә'tistiks],n.统计学，统计表
stature,['stæt∫ә],n.身高，身材，(精神、道德等的)高度
status,['steitәs],n.身份，地位，情形，状况
statute,['stætju:t],n.法令，条例
stead,[sted],n.替代，用处，好处,v.对...有利，对...有用
steamship,['sti:m∫ip],n.汽船，轮船
steeple,['sti:pl],n.尖塔
stenographer,[ste'nogrәfә(r)],n.速记员
sterling,['stә:liŋ],n.英国货币，标准纯银,adj.英币的，纯银制的，纯正的
stiffen,['stifn],vt.使硬，使僵硬，使生硬，使粘稠,vi.变粘，变硬，变猛烈
stimulus,['stimjulәs],n.刺激物，促进因素，刺激，刺激
stirring,['stә:riŋ],adj.激动人心的，活跃的，忙碌的
stirrup,['stirәp],n.马镫，镫形物
storehouse,['sto:haus],n.仓库
stork,[sto:k],n.[鸟]鹳
strenuous,['strenjuәs],adj.奋发的，使劲的，紧张的，热烈的，艰辛发奋的
striped,[straipt],adj.有斑纹的
stronghold,['stroŋhәuld],n.要塞，据点
strut,[strΛt],n.高视阔步，支柱，压杆,vi.大摇大摆地走，肿胀,vt.支撑，炫耀
stud,[stΛd],n.大头钉，钮扣，饰纽，柱头螺栓，马群,v.用饰纽装饰，散布
stun,[stΛn],vt.使晕倒，使惊吓，打晕,n.晕眩，打昏，惊倒
stunt,[stΛnt],v.阻碍...发育，妨碍...生长，作惊人表演，使绝招,n.发育迟缓，矮小的人(或物)，惊人表演，绝技
sublime,[sә'blaim],adj.庄严的，崇高的，壮观的，卓越的，极端的，异常的,v.提高，(使)变高尚，(使)纯化，(使)升华,n.庄严，崇高，顶点
submission,[sәb'mi∫әn],n.屈服，降服，服从，谦恭，投降
subordinate,[sә'bo:dinit],adj.次要的，从属的，下级的,n.下属,v.服从
subscribe,[sәb'skraib],v.捐款，订阅，签署(文件)，赞成，预订
subscriber,[sΛbs'kraibә],n.订户，签署者，捐献者
subscription,[sΛb'skrip∫әn],n.捐献，订金，订阅，签署，同意，[医]下标处方
subway,['sΛbwei],n.地道，<美> 地铁
succor,['sΛkә],n.救援，援助者，救援人员,vt.援助，救援
sue,[sju:; su:],vt.控告，向...请求，请愿,vi.提出诉讼，提出请求
sufferer,['sΛfәrә(r)],n.受害者
suite,[swi:t],n.(一批)随员，(一套)家具，套房，套，组，组曲
suitor,['sju:tә],n.起诉者，求婚者，请愿者
sulphuric,[sΛl'fjuәrik],adj.[化]硫磺的，含多量硫磺的
summary,['sΛmәri],n.摘要，概要
sundry,['sΛndri],adj.各式各样的
superb,[sju:'pә:b],adj.庄重的，堂堂的，华丽的，极好的
superficial,[sju:pә'fi∫әl],adj.表面的，肤浅的，浅薄的
superfluous,[˛sju:'pә:fluәs],adj.多余的，过剩的，过量的
superiority,[sju(:)piәri'oriti],n.优越，高傲
superstitious,[˛sju:pә'sti∫әs],adj.迷信的
supplement,['sΛplimәnt],n.补遗，补充，附录，增刊,v.补充
supporter,[sә'po:tә],n.支持者，赡养者，拥护者
supremacy,[sju'premәsi],n.地位最高的人，至高，无上，霸权
surgery,['sә:dӡәri],n.外科，外科学，手术室，诊疗室
surmount,[sә:'maunt],vt.战胜，超越，克服，在...顶上
suspension,[sәs'pen∫әn],n.吊，悬浮，悬浮液，暂停，中止，悬而未决，延迟
swain,[swein],n.<诗><古>情人，求爱者，乡村青年，乡村情郎
sweater,['swetә],n.厚运动衫，毛线衫
Swedish,['swi:di∫],n.瑞典人，瑞典语,adj.瑞典的
sweeten,['swi:tn],v.(使) 变甜，加糖
sweetening,['swi:tniŋ],n.使变得甜，使味道变甜的物，甜的调味料
swerve,[swә:v],v.突然转向,n.转向
swine,[swain],n.猪，卑贱的人
swirl,[swә:l],n.漩涡，涡状形,vt.使成漩涡,vi.打漩，盘绕，头晕,vi.<口>挥击，大口喝酒
swollen,['swәulәn],adj.肿胀的
swoon,[swu:n],vi.昏晕，惊讶，酣睡,n.狂喜，陶醉
swoop,[swu:p],n.突然下降，猛扑vt攫取,vi.飞扑，突然袭击
symphony,['simfәni],n.交响乐，交响曲
Syria,['siriә],n.叙利亚共和国(西南亚国家)
tablespoonful,['teib(ә)lspu:nful],n.一大汤匙的量
tack,[tæk],n.大头钉，粗缝，行动方针，食物,vt.以大头针钉住，附加,vi.抢风航行，作文字形移动
tact,[tækt],n.机智，手法，老练，角觉,vt.对（刺激）操作性应答,vi.(以言语或声音)操作性应答
tactics,['tæktiks],n.战术，策略
tag,[tæg],n.标签，鞋带、绳子等末端的金属物，垂下物，附属物，名称，标记符，陈词滥调，结束语,vt.加标签于，紧随，添饰，起浑名，连接,vi.紧随
taint,[teint; tent],v.感染,n.污点
tanner,['tænә],n.制革工人，六便士
tape,[teip; tep],n.带子，带，录音带，磁带,vt.录音
tapestry,['tæpistri],n.织锦，挂毯,vt.编织锦或织画，用挂毯装饰
tardy,['tα:di],adj.拖拉非
target,['tα:git],n.目标，对象，靶子
tarry,['tα:ri],v.等候,n.等候，逗留
tart,[tα:t],adj.酸的，辛辣的，尖酸的，刻薄的,vt.打扮,n.果馅饼，小烘饼，妓女
tatter,['tætә],n.碎布
tattered,['tætәd],adj.破烂的，褴褛的
tedious,['ti:diәs],adj.单调乏味的，沉闷的，冗长乏味的
teem,[ti:m],v.大量出现
teller,['telә],n.讲话的人，告诉的人，(银行)出纳员，(投票的)检票员
temperance,['tempәrәns],n.节欲，戒酒，禁酒，(气候等的)温和
temporarily,[],adv.临时
tempting,['temptiŋ],adj.诱惑人的
temptingly,[],adv.诱惑人地，迷人地
tenement,['tenimәnt],n.房屋，住户，租房子
tenor,['tenә],n.进程，路程，要旨，大意，男高音，誊本,adj.[音] 男高音的
tense,[tens],adj.紧张的，拉紧的,v.(使)紧张，(使)拉紧,n.[语法]时态
tension,['ten∫әn],n.紧张(状态)，不安，拉紧，压力，张力，牵力，电压,vt.拉紧，使紧张
terminal,['tә:minl],n.终点站，终端，接线端,adj.末期，每期的，每学期的
terminate,['tә:mineit],v.停止，结束，终止
testament,['testәmәnt],n.遗嘱
textile,['tekstail],n.纺织品,adj.纺织的
texture,['tekst∫ә],n.(织品的)质地，(木材，岩石等的)纹理，(皮肤)肌理，(文艺作品)结构
thatch,[θæt∫],n.盖屋的材料，茅草屋顶，浓密的头发,vt.用茅草覆盖屋顶
thaw,[θo:],n.解冻
theatrical,[θi'ætrikәl],adj.戏剧性的
theft,[θeft],n.偷，行窃，偷窃的事例，偷窃行为
theological,[θiә'lodӡikәl],adj.神学的，神学上的
theology,[θi'olәdӡi],n.神学
thieves,[],n.小偷
thistle,['θisl],n.[植]蓟
thrice,[θrais],adv.三次
thrift,[θrift],n.节俭，节约，[植]海石竹
throb,[θrob],n.悸动，脉搏,vi.悸动，抽动，颤动，跳动着作痛，充满活力
thrush,[θrΛ∫],n.画眉，[医]鹅口疮，[兽医](马的)蹄叉腐疽
thunderbolt,['θΛndәbәult],n.霹雳，雷电，意外的灾难，突发事件
thwart,[θwo:t],adj.横放的,vt.反对，阻碍，横过,adv.prep.横过,n.[船]横坐板
tinge,[tindӡ],n.淡色，色调，些微气味，气息，风味,vt.微染，使带气息
tingle,['tiŋgl],vi.造成麻刺的感觉，兴奋，丁丁作响,vt.使感刺痛,n.丁当声，麻刺感
tinker,['tiŋkә],vi.做焊锅匠，笨拙的修补,vt.修补,n.修补匠，焊锅
tinkle,['tiŋkl],vt.使发清脆的声响，丁当地发出,vi.丁当作响
tiptoe,['tiptәu],n.脚尖，趾尖,vi.用脚尖走
tiresome,['taiәsәm],adj.无聊的，烦人的
tolerate,['tolәreit],vt.忍受，容忍
tomfoolery,['tomfulәri],n.愚蠢的举动，无聊
tortoise,['to:tәs],n.龟，迟缓的人
totally,['tot(ә)li],adv.完全地，整全地
totter,['totә],vi.蹒跚，踉跄，动摇，摇摇欲坠,n.蹒跚的步子
touching,['tΛt∫iŋ],adj.动人的，令人同情的,prep.<书>关于，至于
tow,[tәu],n.拖，拖曳所用之绳，麻的粗纤维,vt.拖，曳，牵引,vi.拖行，被拖带
towering,['tauәriŋ],adj.高耸的，杰出的，激烈的
township,['taun∫ip],n.镇区
tradesman,['treidzmәn],n.零售商，工匠
traditional,[trә'di∫әn(ә)l],adj.传统的，惯例的，口传的，传说的
trait,[treit],n.显著的特点，特性
tranquility,[-'kwiliti],n.宁静
transformation,[˛trænsfә'mei∫әn],n.变化，转化，改适，改革，转换
transition,[træn'ziӡәn; -'si∫әn],n.转变，转换，跃迁，过渡，变调
transmit,[trænz'mit],vt.传输，转送，传达，传导，发射，遗传，传播,vi.发射信号，发报
trapper,['træpә],n.设阱捕兽者，[矿]矿井风门开关管理员
traveled,['træv(ә)ld],adj.富有旅行经验的，旅客多的，旅客使用的，旅客常到的
treatise,['tri:tiz],n.论文，论述
tremendously,[],adv.可怕地，非常地
tremolo,['tremәlәu],n.[音]颤音，颤声,adj.震音的
triangle,['traiæŋgl],n.[数]三角形，三人一组，三角关系
tribunal,[tri'bju:nl; trai-],n.法官席，审判员席，(特等)法庭
trickle,['trikl],v.滴流
triumphant,[trai'Λmfәnt],adj.胜利的，成功的，狂欢的，洋洋得意的
triumphantly,[],adv.成功地，耀武扬威地
trivial,['triviәl],adj.琐细的，价值不高的，微不足道的
trolley,['troli],n.电车，(电车)滚轮，手推车，手摇车，台车,vt.用手推车运,vi.乘电车
trophy,['trәufi],n.战利品，奖品,vt.用战利品装饰，授予...奖品
tropic,['tropik],n.[天](天球的)回归线，热带,adj.热带的
trough,['tro:f],n.槽，水槽，饲料槽，木钵
trounce,[trauns],v.痛击
trudge,[trΛdӡ],v.跋涉
trustee,[trΛs'ti:],n.托管人，保管人，理事
trusty,['trΛsti],adj.可信赖
trying,['traiiŋ],adj.难受的，费劲的，令人厌烦的
tubal,['tju:bl; 'tu:bl],adj.管的，管形的，输卵管的
tuft,[tΛft],n.一丛，丛生植物，一蔟,vi.丛生,vt.用丛毛修饰
tulip,['tju:lip],n.[植]郁金香，郁金香花，郁金香球茎
turbulent,['tә:bjulәnt],adj.狂暴的，吵闹的
turret,['tΛrit],n.小塔，塔楼，炮塔
twitch,[twit∫],v.骤然一抽，攫取，抽搐，阵痛，抽动,n.急扯，颤动，抽搐，阵痛，痉挛
typhoid,['taifoid],n.[医]伤寒症,adj.伤寒的，斑疹伤寒症的
ultimately,['Λltimәtli],adv.最后，终于，根本，基本上
unanimous,[ju(:)'nænimәs],adj.意见一致的，无异议的
unaware,['Λnә'wєә],adj.不知道的，没觉察到的
unbroken,['Λn'brәukәn],adj.未破损的，完整的，继续的
uncertainty,[Λn'sә:tnti],n.无常，不确定，不可靠，半信半疑
uncommon,['Λn'komәn],adj.不凡的，罕有的，难得的
unconsciously,[],adv.无意中，不知不觉
underbrush,['ΛndәbrΛ∫],n.树林下的草丛，丛林，下层林丛
undertook,[˛Λndә'tuk],vbl.undertake的过去式
undisturbed,['Λndis'tә:bd],adj.没受到干扰的，安静的，镇定的
undress,['Λn'dres],vt.使脱衣服，暴露，使卸去装饰,vi.脱衣服,n.便服，晨衣
uneasiness,[],n.不安
unemployed,['Λnim'ploid],adj.失业的，未被利用的
unequal,['Λn'i:kwәl],adj.不平等的，不同的，不平衡的，不胜任的
uneven,['Λni:vәn],adj.不平坦的，不平均的，不均匀的，奇数的
unexpectedly,[],adv.出乎意料地，想不到地
unfair,['Λn'fєә],adj.不公平的
unfinished,['Λn'fini∫t],adj.未完成的，未琢磨的，未染色的
unfit,['Λn'fit],adj.(～ for) 不适宜的，不适当的,v.不适合
unfold,[Λn'fәuld],vt.打开，显露，开展，阐明,vi.伸展，开花，呈现,vt.放(羊)出栏
unimportant,['Λnim'po:tәnt],adj.不重要的，琐碎的
uninformed,['Λnin'fo:md],adj.未被通知的，未获情报，无生气的
unity,['ju:niti],n.团结，联合，统一，一致
universally,[ju:ni'vә:sәli],adv.普遍地，全体地，到处
unjust,['Λn'dӡΛst],adj.不公平的
unkind,[Λn'kaind],adj.不仁慈的，刻薄的，无情的，不体谅的，不厚道的，不亲切的
unlimited,[Λn'limitid],adj.无限的，无约束的
unlock,['Λn'lok],vt.开...锁，开启，显露，放开,vi.开着，解开，解出锁定
unloose,[Λn'lu:s],vt.解开，放松，释放
unlucky,[Λn'lΛki],adj.不幸的，不吉利的，不祥的，使人感到不足
unmarried,['Λn'mærid],adj.未婚的，单身的
unnatural,[Λn'næt∫әrәl],adj.不自然的
unreasonable,[Λn'ri:znәbl],adj.不讲道理的，不合理的，过度的，不切实际的
unrest,['Λn'rest],n.不安的状态，动荡的局面
unsuccessful,['Λnsәk'sesful],adj.不成功的，失败的
unusually,[Λn'ju:ӡәli],adv.显著地，异乎寻常地，罕有地
unwilling,['Λn'wiliŋ],adj.不愿意的，勉强的
unworthy,[Λn'wә:ði],adj.不值得的，不足取的,n.不足道的，卑劣的家伙
uphold,[Λp'hәuld],vt.支持，赞成
uplift,[Λp'lift],v.举起，升起，促进，振奋，提高,n.举起，情绪高涨，社会进步，道德提高
uproar,['Λpro:],n.喧嚣，骚动
upside,['Λpsaid],n.上边，上面，上部
upstairs,['Λp'stєәz],adv.向楼上，在楼上，上楼,adj.楼上的
upwards,['Λpwәdz],adv.以上，向上
urgent,['ә:dӡәnt],adj.急迫的，紧急的
urn,[ә:n],n.瓮，缸，骨灰瓮，坟墓，茶水壶
usher,['Λ∫ә],n.引座员，招待员，传达员，前驱,vt.引导，展示,vi.作招待员
Utah,['ju:tα:],n.犹他州(略作Ut.，UT)
utensil,[ju(:)'tensl],n.器具
utility,[ju:'tiliti],n.效用，有用
utilize,[ju:'tilaiz],vt.利用
utterance,['Λtәrәns],n.意见，说话，发表，说话的方式，死
vagabond,['vægәbәnd; -˛bond],adj.流浪的，漂泊的，浪荡的，流浪者的,n.流浪者，游民，浪子，流氓，懒汉,vi.到处流浪
vagrancy,['veigrәnsi],n.(说话的，思想的)游移不定，漂泊，流浪，离题
vaguely,['veigli],adv.含糊地，暧昧地
vale,['veili:; 'wα:lei],n.谷
valentine,['vælәntain],n.情人，情人节礼物
valiant,['væljәnt],adj.勇敢的，英勇的,n.勇敢的人
valour,['vælә],n.英勇，勇猛
valve,[vælv],n.阀，[英] 电子管，真空管
vanquish,['væŋkwi∫],vt.征服，击败，克服
varied,['vєәrid],adj.杂色的，各式各样的
vase,[vα:z; veis],n.花瓶，瓶
vassal,['væsәl],n.诸侯，封臣，附庸，诸侯,adj.为臣的，仆从的
vastly,['vα:stli],adv.广大地，许多，巨额地
vegetation,[˛vedӡi'tei∫әn],n.[植]植被，(总称)植物、草木，(植物的)生长、呆板单调的生活
vehicle,['vi:ikl],n.交通工具，车辆，媒介物，传达手段
velocity,[vi'lositi],n.速度，速率，迅速，周转率
venerable,['venәrәbl],adj.庄严的，值得尊敬的，古老的
Venetian,[vi'ni:∫әn],adj.威尼斯的,n.威尼斯人
vent,[vent],n.通风孔，出烟孔，出口，(感情等的)发泄,v.放出，排出，发泄
veranda,[vә'rændә],n.阳台，走廊
verdict,['vә:dikt],n.[律](陪审团的)裁决，判决，判断，定论，结论
verge,[vә:dӡ],v.濒临,n.边缘
verify,['verifai],vt.检验，校验，查证，核实,[计] 打开或关闭文件的读写校验
verily,['verili],adv.实在，真正地，肯定地，忠实地
verse,[vә:s],n.韵文，诗，诗节，诗句，诗篇
version,['vә:∫әn],n.译文，译本，翻译
vertical,['vә:tikәl],adj.垂直的，直立的，顶点的，[解]头顶的,n.垂直线，垂直面，竖向
veto,['vi:tәu],n.否决，禁止，否决权,vt.否决，禁止
via,['vaiә; 'vi:ә],prep.经，通过，经由
vibrate,[vai'breit],v.(使)振动，(使)摇摆
vibration,[vai'brei∫әn],n.振动，颤动，摇动，摆动
vice-president,['vais'prezidәnt],n.副总裁，副校长
vicinity,[vi'siniti],n.邻近，附近，接近
vicious,['vi∫әs],adj.恶的，不道德的，恶意的，刻毒的，堕落的，品性不端的，有错误的
victor,['viktә],n.胜利者,adj.胜利者的
Vienna,[vi'enә],n.维也纳[奥地利首都]
viewpoint,['vju:˛point],n.观点
vigorously,[],adv.精神旺盛地
villa,['vilә],n.别墅，<英>城郊小屋
villain,['vilәn],n.坏人，恶根
vinegar,['vinigә],n.醋
vineyard,['vinjα:d],n.葡萄园
violate,['vaiәleit],vt.违犯，亵渎(圣物)，冒犯，干扰，违反，妨碍，侵犯，强暴
violation,[˛vaiә'lei∫әn],n.违反，违背，妨碍，侵害，[体]违例，强奸
violin,[˛vaiә'lin],n.小提琴，小提琴手
violoncello,[˛vaiәlәn't∫elәu],n.大提琴
viosterol,[vai'ostәro:l],n.固醇生素
virtually,['vә:tjuәli],adv.事实上，实质上
virtuous,['vә:tjuәs],adj.善良的，有道德的，贞洁的，有效力的
vitality,[vai'tæliti],n.活力，生命力，生动性
vocal,['vәukl],adj.发嗓音的，声音的，有声的，歌唱的,n.元音，声乐作品
void,[void],n.空间，空旷，空虚，怅惘,adj.空的，无人的，空闲的，无效的，无用的，没有的
volcanic,[vol'kænik],adj.火山的，象火山的，猛烈的，易突然发作的，爆发的,n.火山岩
volley,['voli],n.(箭，子弹，枪，炮等)群射，齐发，(质问，咒骂等的)迸发，网球,vt.群射，齐发，截击,vi.进行群射，齐鸣
voluntary,['volәntәri; (?@) -teri],adj.自动的，自愿的，主动的，故意的，非官办的，志愿的，自发的
vulgar,['vΛlgә(r)],adj.粗俗的，庸俗的，普通的，通俗的，本土的,n.<古>平民，百姓
wag,[wæg],vt.摇摆，摇动，饶舌,vi.爱说笑打趣的人，摆动，喋喋不休,n.摇摆，小丑
waggly,['wægli],摇摇晃晃的
waiter,['weitә],n.侍者，服务员
waken,['weikәn],vi.醒来,vt.唤醒
wallet,['wolit],n.皮夹，钱夹，钓鱼带
walnut,['wo:lnәt],n.胡桃，胡桃木
wand,[wond],n.棒，棍，杖，(表示官职的)权杖，(柳树等幼树的)嫩枝
wane,[wein],vi.变小，亏缺，衰落，退潮，消逝，呈下弦,n.月亏，月亏期，衰退，衰退期
wanton,['wontәn],adj.荒唐的，嬉戏的，繁茂的，肆意的，不道德的，不贞洁的,n.荡妇，水性杨花的女人vi.嬉戏，闲荡，放肆,vt.挥霍
warden,['wo:dn],n.典狱官，看守人，学监，区长，(供煮食的)一种冬梨
wardrobe,['wo:drәub],n.衣柜，衣厨，衣室，衣服，行头，剧装
warehouse,['wєәhaus],n.仓库，货栈，大商店,vt.贮入仓库，<俚>[经]以他人名义购进(股票)
warlike,['wo:laik],adj.战争的，好战的，尚武的，有战争危险的
warming,['wo:miŋ],(比赛前的)准备动作的, 热身的, 加温, 升温
warning,['wo:niŋ],n.警告，预告，通知，预兆
warp,[wo:p],n.弯曲，歪曲，乖僻，偏差，乖戾，偏见,vt.弄歪，使翘曲，使不正常，歪曲，使有偏见,vi.变弯，变歪，变的反常
warrant,['worәnt],n.授权，正当理由，根据，证明，凭证，委任状，批准，许可证,vt.保证，辩解，担保，批准，使有正当理由
warren,['worin],n.养兔场，拥挤的地方
wasp,[wosp],n.黄蜂
wasting,['weistiŋ],adj.浪费的，消耗的,n.浪费，损耗，消瘦
watchful,['wot∫ful],adj.警惕的，注意的，警戒的
watchman,['wot∫mәn],n.巡夜者，看守人
wearily,[],adv.疲倦地，无聊地
weariness,[],n.疲倦，厌烦，疲劳
weasel,['wi:zl],n.[动]鼬鼠，黄鼠狼，狡猾的人，告密者，含糊话,vi.狡辩，躲避，告密，含糊其词,vt.抽掉(词语)的含义
weaver,['wi:vә],n.织布者，织工
wedded,['wedid],adj.已结婚的，结婚的，结合的
wedge,[wedӡ],n.楔,vt.楔入，楔进
weekend,[wi:k'end; 'wi:kend],n.周末，周末休假,adj.周末的,vi.度周末的
weird,[wiәd],adj.怪异的，超自然的，神秘的，不可思议的，超乎事理之外的,n.<古><苏格兰>命运，预言，符咒
well-to-do,[],adj.小康的，富裕的
whale,[weil; hw-],n.鲸,v.捕鲸
wharf,[(h)wo:f],n.码头,vt.卸上码头，靠在码头,vi.靠码头
wharfage,['(h)wo:fidӡ],n.码头(总称)
whatsoever,[wotsәu'evә(r)],pron.无论什么
whence,[(h)wens],n.来处，根源,adv.从何处，从哪里,conj.拒此,pron.何处
whereat,[(h)wєәr'æt],adv.因何，为何,在那里，对那个,conj.对那个，随即
whereby,[(h)wєә'bai],adv.凭什么，为何
wherefore,['(h)wєәfo:],conj.为什么，因此,adv.为此,n.原因
whereof,[(h)wєәr'ov],adv.(疑问副词)关于什么，(关系副词)关于那事(人，物)，以什么的
whereupon,[˛(h)wєәrә'pon],adv.于是，因此,conj.在什么上面
whine,[(h)wain],n.抱怨，牢骚，哀鸣,vi.报怨声，哭诉，发牢骚，发呜呜声,vt.哀诉
whirl,[(h)wә:l],v.(使)旋转，急动，急走,n.旋转，―连串快速的活动
whirlwind,['(h)wә:lwind],n.旋风
whisk,[(h)wisk],n.扫帚，毛掸子，搅拌器，打蛋器，拂,vt.扫，拂，挥动，迅速移动，搅拌,vi.飞奔
whiskey,['(h)wiski],n.威士忌酒,adj.威士忌酒的
white-collar,['wait'kolә],adj.白领阶层的，脑力劳动者
wholesale,['hәulseil],n.批发，趸售,adj.批发的，[喻] 大规模的
whoop,[hu:p],n.大叫，呐喊，喘息声，哮喘声，小块,vi.叫喊，喘息,vt.高声说，唤起
widen,['waidn],v.加宽，放宽，扩展
widespread,['waidspred; -'spred],adj.分布广泛的，普遍的
wield,[wi:ld],v.挥
wig,[wig],n.假发
wigwam,['wigwæm],n.棚屋(用树皮或草编成的席子等搭建的茅屋壮)，小屋
willingly,[],adv.自动地，欣然地
winner,['winә],n.胜利者，优胜者，获胜的事物
winning,['winiŋ],n.胜利，获得，成功，赢得物,adj.得胜的，胜利的，动人的
wistful,['wistful],adj.渴望的，想望的
withal,[wi'ðo:l],adv.此外，而且，又，依然，对此
withdrawn,[wið'dro:n],adj.性格内向的，偏僻的，孤独的
withstand,[wið'stænd],vt.抵挡，经受住
witty,['witi],adj.富于机智的，诙谐的
wizard,['wizәd],n.神汉，男巫，术士，奇才,adj.男巫的，巫术的，有魔力的
woe,[wәu],n.悲哀
wonderfully,[],adv.惊人地，极佳地
wondrous,['wΛndrәs],adj.令人惊奇的，非常的
wont,[wәunt],n.习惯，惯常活动,adj.惯于，常常,vi.习惯,vt.使习惯于
woo,[wu:],v.求爱，追求，恳求，招致
woodchuck,['wud˛t∫Λk],n.[动]美洲旱獭，花白旱獭
wooded,['wudid],adj.树木繁茂的，森林多的
woodpecker,['wudpekә],n.[鸟]啄木鸟
woolen,['wulin],adj.毛纺的
workmanship,['wә:kmәn∫ip],n.手艺，技艺，作工，技巧
workshop,['wә:k∫op],n.车间，工场
worldly,['wә:ldli],adj.世间的
wove,[wәuv],vbl.weave的过去式,adj.布纹的
wreathe,[ri:ð],v.环绕盘旋
wrench,[rent∫],n.扳钳，扳手，猛扭，痛苦，扭伤，歪曲,vt.猛扭，使扭伤，曲解，抢，折磨,vi.猛扭，绞痛
wrestle,['resl],n.摔跤，角力，扭斗,vi.摔跤，格斗，斗争，斟酌,vt.与(对手)摔跤，使劲搬动
wretch,[ret∫],n.不幸的人
wriggle,['rigl],v.宛蜒行进，扭动
wring,[riŋ],v.绞，扭，榨取，强求，折磨，扭绞,n.绞，挤，榨，扭动
writ,[rit],n.文书，正式文件，书面命令
writhe,[raið],v.翻腾
wroth,[rәuθ],adj.激怒的，愤怒的
Wyoming,[wai'әumiŋ],n.怀俄明州(美国州名)
X-ray,['eks'rei],X-rays X光，X射线
Xerox,['ziәroks],施乐复印机（商标名称）
yacht,[jot],n.游艇，快艇，轻舟,vi.驾游艇，乘游艇
Yangtze,['jæŋtsi],(=Yangtze River，Changjiang) 扬子江，长江
yearly,['jә:li],adj.每年的,adv.每年
yearn,[jә:n],vi.渴望，想念，怀念，向往
yeast,[ji:st],n.酵母，发酵粉
Yellowstone,[`jelәustәun],n.黄石国家公园，黄石河
yeoman,['jәumәn],n.自耕农，仆人
yoke,[jәuk],n.轭，轭状物，套，束缚，支配,v.把...套上轭，结合，连接
zealous,['zelәs],adj.热心的
zero,['ziәrәu],n.零点，零度,num.零
zigzag,['zigzæg],n.Z字形，锯齿形，蜿蜒曲折,adj.曲折的，锯齿形的，Z字形的,adv.作Z字形地，弯弯曲曲地,v.成Z字形，作Z字形行进，曲折前进
zinc,[ziŋk],n.锌,vt.涂锌于
zip,[zip],[计]一种程序压缩的档案文件格式,n.拉链,v.拉开或拉上
zip code,[],n.邮递区号
amazon,['æmәzәn],n.女战士
freckled,['frekld],a.有雀斑的，有斑点的
Sicily,['sisili],n.西西里(岛)[意大利]
baptist,['bæptist],n.浸礼教徒
workmen,['wә:kmen],n.workman的复数
marvelously,['mα:vilәsli],ad.奇异地；奇迹般地
fascinatingly,['fæsineitiŋli],ad.迷人地
overalls,['әuvәro:lz],n.[美]工装裤；工作裤
nervously,['nә:vәsli],ad.神经质地；胆怯地
whiningly,['wainiŋli],ad.抱怨地
carelessness,[kєәlisnis],n.粗心；漫不经心
passionately,['pæ∫әnitli],ad.多情地；热烈地
instinctively,[in'stiŋktivli],ad.本能地
