abandoned,[ә'bændәnd],adj.被抛弃的，自甘堕落的，没有约束的，放荡的
abandonment,[ә'bændәnmәnt],n.放弃
abash,[ә'bæ∫],vt.使局促不安，使困窘
abject,['æbdӡekt],adj.卑鄙的，可怜的
absently,['æbs(ә)ntli],adv.心不在焉地，茫然地
absolve,[әb'zolv],v.宣布免除
abstain,[әb'stein],v.禁绝，放弃
accelerate,[æk'selәreit],v.加速，促进
accession,[æk'se∫әn],n.就职，就任，添加，增加
accidentally,[],adv.偶然地，意外地
acclaim,[ә'kleim],n.喝彩，欢呼v.欢呼，称赞
acknowledgment,[әk'nolidӡmәnt],n.承认，承认书，感谢
acquiesce,[˛ækwi'es],vi.默许，勉强同意
acquisition,[˛ækwi'zi∫әn],n.获得，获得物
acreage,['eikәridӡ],n.英亩数，面积
adequately,[],adv.充分地
adherent,[әd'hiәrәnt],n.信徒，追随者，拥护者
administrator,[әd'ministreitә],n.管理人，行政官
admirably,[],adv.极好地，美好地
adoration,[˛ædo:'rei∫әn],n.崇拜，爱慕，受崇拜(或爱慕)的对象
advantageous,[˛ædvәn'teidӡәs],adj.有利的
advisable,[әd'vaizәbl],adj.可取的，明智的
affected,[ә'fektid],adj.受到影响的，受(疾病)侵袭的，假装的，做作的
affectionately,[ә`fek∫әnәth],adv.挚爱地，亲切地
affinity,[ә'finiti],n.密切关系，吸引力，姻亲关系，亲合力
affliction,[ә'flik∫әn],n.痛苦，苦恼
affront,[ә'frΛnt],n.公开侮辱，轻蔑,vt.公开侮辱，冒犯，面对
aft,[α:ft],adv.在船尾
aghast,[ә'gα:st],adj.惊骇的，吓呆的
agile,['ædӡail],adj.敏捷的，轻快的，灵活的
agitator,['ædӡiteitә],n.煽动者
aha,[ә'hα:],int.啊哈
akin,[ә'kin],adj.同族的，类似的
albeit,[o:l'bi:it],conj.虽然
alfalfa,[æl'fælfә],n.[植]紫花苜蓿
alkali,['ælkәlai],n.[化]碱,adj.碱性的
alloy,['æloi],n.合金,vt.使成合金，减低成色
allure,[ә'ljuә],v.吸引
allurement,[ә'ljuәmәnt],n.诱惑物，魅力
alumni,[],n.男毕业生，男校友
amazingly,[],adv.可惊地，令人惊讶地
amen,['α:'men; 'ei'men],int.阿门(基督教祈祷或圣歌的结束语)
amends,[ә'mendz],n.(对毁坏，损坏的)赔偿，赔礼
analogy,[ә'nælәdӡi],n.类似，类推
anarchy,['ænәki],n.无政府状态，政治混乱
anchorage,['æŋkәridӡ],n.停泊地点，抛锚地点
angelic,[æn'dӡelik],adj.天使的，似天使的
Anglo-Saxon,['æŋglәu'sæksәn],n.盎格鲁撒克逊人,adj.盎格鲁撒克逊人的
animate,['ænimeit],v.鼓舞,adj.生气勃勃的
animated,['ænimeitid],adj.活生生的，活泼的，动的，愉快的
animosity,[˛æni'mositi],n.仇恨，憎恶
annoying,[ә'noiiŋ],adj.恼人的，讨厌的
anonymous,[ә'nonimәs],adj.匿名的
antarctic,[ænt'α:ktik],adj.南极的，南极地带的
antenna,[æn'tenә],n.天线
anthem,['ænθәm],n.圣歌，赞美诗
anther,['ænθә],n.花粉囊
apace,[ә'peis],adv.快速地，急速地
apathy,['æpәθi],n.缺乏感情或兴趣，冷漠
apparition,[˛æpә'ri∫әn],n.离奇出现的东西，(尤指)鬼怪，幽灵，幻影
applicable,['æplikәbl],adj.可适用的，可应用的
applied,[ә'plaid],adj.应用的，实用的
appraise,[ә'preiz],v.评价
appreciable,[ә'pri:∫iәbl],adj.可感知的，可评估的
appreciative,[ә'pri:∫jәtiv],a欣赏的，有欣赏力的，表示感激的，承认有价值的
apprehensive,[˛æpri'hensiv],adj.有理解力的
apprenticeship,[ә'prentis˛∫ip],n.学徒的身份，学徒的年限
arbitration,[˛α:bi'trei∫әn],n.仲裁，公断
arched,[α:t∫t],adj.弓形的，有拱的
arid,['ærid],adj.干旱的，贫瘠的(土地等)，无趣的，沉闷的
armada,[α:'mα:dә],n.舰队
armory,['α:mәri],n.纹章，纹章学，兵工厂，军械库
aromatic,[˛ærәu'mætik],adj.芬芳的
arrant,['ærәnt],adj.彻头彻尾的，声名狼藉的，极恶的
arrogance,[`ærәgәns],n.傲慢态度，自大
arrogant,['ærәgәnt],adj.傲慢的，自大的
arsenal,['α:sinl],n.兵工厂，军械库
arsenic,['α:sәnik],n.[化]砷，砒霜
articulate,[α:'tikjulit],adj.有关节的，发音清晰的,vt.用关节连接，接合，清晰明白地说
artificially,[],adv.人工
assassin,[ә'sæsin],n.暗杀者，刺客
assassination,[ә˛sæsi'nei∫әn],n.暗杀
assignment,[ә'sainmәnt],n.分配，委派，任务，(课外)作业
assimilate,[ә'simileit],v.吸收
assortment,[ә'so:tmәnt],n.分类
assured,[ә'∫uәd],adj.确实的，确定的
Assyrian,[ә'siriәn],adj.亚述的，亚述人的，亚述语的,n.亚述人
asylum,[ә'sailәm],n.庇护，收容所，救济院，精神病院
Athenian,[ә`θi:njәn],n.雅典人,adj.雅典的，雅典人的
atlas,['ætlәs],n.地图，地图集
attainment,[ә'teinmәnt],n.达到
auburn,['o:bәn],n.赤褐色,adj.赤褐色的
Aug,[],n.八月(=August)
august,[o:'gΛst],adj.令人敬畏的，威严的,n.八月(略作Aug)
aurora,[o:'ro:rә],n.黎明的女神，极光
avalanche,['ævә˛lα:n∫],n.雪崩,v.雪崩
avarice,['ævәris],n.贪财，贪婪
averse,[ә'vә:s],adj.不愿意的，反对的
awakening,[ә'weikәniŋ],adj.唤醒的，激励的
Azores,[ә'zo:z],n.亚述尔群岛(在北大西洋，属葡萄牙)
backwards,['bækwәdz],adv.向后
balk,[bo:lk],n.障碍，梁木,v.妨碍，(马)不肯前进
Baltic,['bo:ltik],adj.波罗的海的，波罗的海诸国的，波罗的语的
baptize,[bæp'taiz],vt.给人施洗礼(作为入基督教的标志)，洗炼，命名(作为洗礼仪式的一部分)
barefoot,['beәfut],adj.赤脚的
barnyard,['bα:njα:d],n.谷仓前的院地，畜棚场，空场(指粗陋，脏的空地)
baroness,['bærәnis],n.男爵夫人，女性男爵
barrack,['bærәk],n.(临时性)木板房，兵舍，军营,vt.使驻兵营内
barter,['bα:tә],n.物品交换，实物交易,v.物品交换，交换
bastard,['bæstәd],n.私生子
battlefield,['bæt(ә)lfi:ld],n.战场，沙场
beacon,['bi:kәn],n.烟火，灯塔,v.照亮
beaming,['bi:miŋ],adj.照耀的，光亮的，喜气洋洋的，愉快的
beastly,['bi:stli],adj.如野兽的，残忍的，令人不快的
beating,['bi:tiŋ],v.挫败,n.打，敲打
beauteous,['bju:tjәs],adj.美丽的(多用于文学作品中)
beautify,['bju:tifai],v.美化
bedding,['bediŋ],n.被褥，(家畜)草垫，(建筑)基床
befit,[bi'fit],vt.适合
beget,[bi'get],vt.(书面语) 招致，产生，引起
begot,[bi'got],vbl.beget的过去式
behead,[bi'hed],vt.斩首，砍头，[地质](指海盗河pirale stream)使其他河川的水流入自己河中
belated,[bi'leitid],adj.误期的，迟来的
belie,[bi'lai],v.掩饰
belligerent,[bi'lidӡәrәnt],adj.好战的，交战国的，交战的
benefactor,['benifæktә],n.恩人，捐助者，赠送者，赞助人
benevolent,[bi'nevәlәnt],adj.慈善的
Bengal,[beŋ'go:l],n.孟加拉
bereft,[bi'reft],adj.被剥夺的，失去亲人的，丧失的
berth,[bә:θ],n.停泊处，卧铺(口语)职业,v.使停泊
bethink,[bi'θiŋk],vt.想起
betimes,[bi'taimz],adv.及早，及时
betroth,[bi'trәuð],vt.许配
bewilderment,[bi`wildәmәnt],n.困惑，迷乱，为难，慌张
bier,[biә],n.棺材，棺材架
biographer,[bai'ogrәfә],n.传记作者
biological,[baiә'lodӡikәl],adj.生物学的
birthright,['bә:θrait],n.生来就有的权利，长子继承权
biting,['baitiŋ],adj.刺痛的，尖锐的
blackmail,['blækmeil],n.勒索，勒索所得之款,vt.勒索
blameless,['bleimlis],adj.无可责备的，无过失的，清白的
blanch,[blα:nt∫],v.漂白，使变白，遮断阳光,发白
bland,[blænd],adj.温和的，柔和的，乏味的，冷漠的，刺激性少的
blasphemy,['blæsfimi],n.亵渎(话)
blemish,['blemi∫],n.污点，缺点，瑕疵,vt.弄脏，玷污，损害
blithe,[blaið],adj.愉快的，高兴的
blizzard,['blizәd],n.大风雪
bloodshed,['blΛd∫ed],n.流血
blueberry,['blu:bәri; u.o. 'blu:beri],n.越橘的一种
bluntly,[],adv.坦率地，率直地
blurt,[blә:t],vt.未加思索地冲口说出，突然说出
bluster,['blΛstә],v.风狂吹，咆哮，吓唬,n.怒号，吓唬
bobolink,['bobәliŋk],adj.食米鸟(一种美洲歌鸟，与画眉鸟同属)
boisterous,['boistәrәs],adj.狂暴的，喧闹的
bony,['bәuni],adj.多骨的，瘦骨嶙峋的
bookcase,['bukkeis],n.书架，书柜
bookkeeper,['buk˛ki:pә],n.簿记员
bookmaker,['bukmeikә(r)],n.著作家，编辑者，出版者，以赌赛马为生的人
bopeep,[bәu'pi:p],n.藏猫游戏(面孔一隐一现以逗小孩的游戏)
botany,['botәni],n.植物学
boulevard,['bu:livα:d],n.<美>林荫大道
bounteous,['bauntiәs],adj.宽宏大量的，慷慨的
bourdon,['buәdn],n.[音乐]低音部音塞，低音，最低音的钟
bowman,['baumәn],n.弓箭手，(划船)头桨手
brag,[bræg],n.v.吹牛
bramble,['bræmbl],n.荆棘，树莓，悬钩子
brandish,['brændi∫],vt.挥舞,n.挥舞
brat,[bræt],n.乳臭未干的小孩，小子
bray,[brei],n.驴叫声，喇叭声,v.叫，嘶叫
breakdown,['breikdaun],n.崩溃，衰弱，细目分类
brilliance,[`briljәns],n.光辉，显赫，鲜明
brilliantly,[],adv.辉煌地，灿烂地，光亮地
broaden,['bro:dn],v.放宽，变宽，扩大，加宽
broadly,[],adv.宽广地，露骨地，广泛
brooch,[bru:t∫],n.胸针，领针
brother-in-law,[],n.姊妹的丈夫
brotherly,['brΛðәli],adj.兄弟的，亲兄弟般的，亲切的，充满情谊的
browse,[brauz],v.n.浏览，吃草，放牧
buckwheat,['bΛkwi:t; (?@) 'bΛkhwi:t],n.[植]蓼科荞麦属，荞麦，荞麦种，荞麦粉
budge,[bΛdӡ],v.移动
bulky,['bΛlki],adj.大的，容量大的，体积大的
bun,[bΛn],n.小圆面包，曲卷(或结)状的头发
bunting,['bΛntiŋ],n.[动] 颊白鸟之类
burgess,['bә:dӡis],n.英国从城市或大学选出的议员
burke,[bә:k],v.避免
burlesque,[bә:'lesk],n.作戏，滑稽表演,adj.滑稽的，可笑的
burnish,['bә:ni∫],vt.磨光，擦亮(金属)
burr,[bә:],v.用喉音说话
bushy,['bu∫i],adj.灌木茂密的，浓密的
businesslike,['biznislaik],adj.事务性的，公事公办的，有条理的，有效率的
cackle,['kækl],n.咯咯声，高声笑，饶舌，闲谈,vi.咯咯叫，咯咯笑，喋喋不休
Cain,[kein],n. 〈圣经〉该隐（亚当之子）
Calais,['kælei],加来(法国北部港市)
caller,['ko:lә],n.呼叫者，传唤员，访客，召集员,adj.新鲜的
calling,['ko:liŋ],n.职业，行业，邀请，点名，召集
calmness,[],n.平静，冷静，镇静
calorie,['kælәri],n.卡路里
candlestick,['kænd(ә)lstik],n.烛台，蜡烛架
canker,['kæŋkә],n.[医]溃疡，[植](树的)癌肿病，腐败,vi.患溃疡，腐蚀，溃烂,vt.使患溃疡，使腐蚀
cannibal,['kænibәl],n.食人者，吃同类的动物
cant,[kænt],n.伪善之言，黑话，隐语，斜面，角落,vi.讲黑话，倾斜
capacious,[kә'pei∫әs],adj.容积大的，宽敞的，广阔的
capillary,[kә'pilәri],n.毛细管,adj.毛状的，毛细作用的
capitalism,['kæpitәlizәm],n.资本主义
carbohydrate,['kα:bәu'haidreit],n.[化]碳水化合物，醣类
carbonate,['kα:bәneit],n.[化]碳酸盐,vt.使变成碳酸盐，使充满二氧化碳
carol,['kærәl],n.欢乐的歌，颂歌，(尤指)圣诞节颂歌,v.歌颂，欢唱
carton,['kα:tәn],n.硬纸盒，纸板箱
cartoon,[kα:'tu:n],n.(报刊上的)政治性漫画，讽刺画，卡通画，漫画(常有解说词),v.画漫画,n.卡通片，动画片
cartridge,['kα:tridӡ],n.弹药筒
caste,[kα:st],n.印度的世袭阶级，(排他的)社会团体，职业等级，(具有严格等级的)社会地位，社会等级制度
category,['kætigәri],n.种类，别，[逻]范畴
causeway,['ko:zwei],n.堤道，铺道
caw,[ko:],n.乌鸦的叫声,vi.发出鸦叫声,abbr.[军] Carbon-Arc Welding，碳弧焊
ceaseless,['si:slis],adj.不停的，不断的
celebrity,[si'lebriti],n.名声，名人
ceremonial,[˛seri'mәunjәl],n.仪式,adj.正式的
chagrin,['∫ægrin],n.懊恼，气愤，委屈
champagne,[∫æm'pein],n.香槟酒，香槟色
champaign,['t∫æmpein],n.原野
chanticleer,['t∫æntikliә(r)],n.公鸡
char,[t∫α:],v.烧焦
charger,['t∫α:dӡә],n.充电器，军马，袭击者
charlotte,['∫α:lәt],n.水果布丁
chastise,[t∫æs'taiz],vt.严惩，惩罚
cheerfulness,[],n.高兴，快活
cherub,['t∫erәb],n.小天使，胖娃娃
cherubim,[`t∫erәbim],n.智天使，小天使
chickadee,['t∫ikә˛di:],n.（美洲所产的）山雀
chieftain,['t∫i:ftәn],n.酋长，首领
chintz,[t∫ints],n.印花棉布（亦作chints）
chivalrous,['∫ivәlrәs],adj.有武士风度的，侠义的
cholera,['kolәrә],n.[医]霍乱
chore,[t∫o:],n.家务杂事
christen,['krisn],v.命名为
Christendom,['krisәndәm],n.基督教徒（集合称）基督教界
chronic,['kronik],adj.慢性的，延续很长的
chum,[t∫Λm],n.<俗>(特指男孩子之间)密友，室友,vi.结为密友（与up连用）
churn,[t∫ә:n],n.搅乳器,v.搅拌，搅动
cistern,['sistәn],n.水塔，蓄水池
citadel,['sitәdәl],n.根据地，大本营
clamorous,['klæmәrәs],adj.大喊大叫的
clamp,[klæmp],n.夹子，夹具，夹钳,vt.夹住，夹紧
clearness,['kliәnis],n.晴朗，明白
clerical,['klerikәl],adj.牧师的，书记的,n.牧师
clinch,[klint∫],n.钉牢，拥吻,v.敲弯，扭住
clink,[kliŋk],n.丁当声,v.(使)发丁当声
clod,[klod],n.土块,vt.掷土块
clog,[klog],n.木底鞋，障碍,v.障碍，阻塞
coffer,['kofә],n.保险箱
coke,[kәuk],n.可乐，焦炭,v.(使)成焦炭
collective,[kә'lektiv],adj.集体的,n.集体
collie,['koli],n.[动]牧羊狗(一种高大聪敏长毛的牧羊狗)
collision,[kә'liӡәn],n.碰撞，冲突
colonization,[˛kolәnai'zei∫әn],n.殖民地化，殖民
colouring,['kΛlәriŋ],n.色彩(美作：coloring)
colourless,['kΛlәlis],adj.无色的，乏味的
combatant,['kombәtәnt],n.战士，战斗员adj.战斗的
comedian,[kә 'mi:diәn],n.喜剧演员
comer,['kΛmә],n.来者，新来者，有希望者
comical,['komik(ә)l],adj.好笑的，滑稽的
commemorate,[kә'memәreit],vt.纪念
commencement,[kә'mensmәnt],n.开始，毕业典礼
commendation,[˛komen'dei∫әn],n. 赞扬；称赞,荣誉；奖状
commodore,['komәdo:],n.海军准将，船队队长
compassionate,[kәm'pæ∫әnit],adj.富于同情心的
compressed,[kәm'prest],adj.被压缩的，扁平的
compulsion,[kәm'pΛl∫(ә)n],n.强迫，强制，[心]强迫性冲动
concave,['kon'keiv],adj.凹的，凹入的,n.凹，凹面
concealment,[kәn'si:lmәnt],n.隐藏，隐蔽，隐蔽处
conceited,[kәn'si:tid],adj.自以为是的，逞能的，狂想的
condemnation,[˛kondem'nei∫әn],n.谴责，指责，定罪
condensation,[konden'sei∫әn],n.浓缩
condenser,[kәn'densә],n.冷凝器，电容器
condescend,[kondi'send],vi.谦逊，屈尊
confidently,[],adv.信赖地，安心地
confinement,[kәn'fainmәnt],n.(被)限制，(被)禁闭，产期，分娩
conformity,[kәn'fo:miti],n.一致，符合
congregate,['koŋgrigeit],v.聚集
consecration,[˛konsi'krei∫әn],n.供献，奉献，献祭仪式
consecutive,[kәn'sekjutiv],adj.连续的，联贯的
considerate,[kәn'sidәrit],adj.考虑周到的
consistency,[kәn'sistәnsi],n.连结，结合，坚固性，浓度，密度，一致性，连贯性
consistently,[],一贯地， 一向， 始终如一地
consonant,['konsәnәnt],adj.协调一致的
conspirator,[kәn'spirәtә],n.同谋者，阴谋者，反叛者
constancy,['konstәnsi],n.不屈不挠，坚定不移，恒久不变的状态或性质
consternation,[˛konstә(:)'nei∫әn],n.惊愕，恐怖，惊惶失措
consummate,['konsΛmeit],vt.完成，使达到极点,adj.圆满的，至上的，完美的
contaminate,[kәn'tæmineit],v.污染
contemptible,[kәn'temptәbl],adj.可鄙的
contemptuous,[kәn'temptjuәs],adj.轻蔑的，侮辱的
contemptuously,[],adv.轻蔑地
contour,['kontuә],n.轮廓，周线，等高线
contracted,[kәn'træktid],adj.收缩了的，已定约的，契约的
contributor,[kәn'tribju(:)tә],n.贡献者，捐助者，投稿者
convulsion,[kәn'vΛl∫әn],n.震撼，动乱，震动，惊厥，痉挛
coolness,[],n.冷静，冷，凉爽
cooper,['ku:pә],n.制桶工人
coordinate,[kәu'o:dinit],n.同等者，同等物，坐标(用复数),adj.同等的，并列的,vt.调整，整理
copious,['kәupjәs],adj.很多的，广识的，丰富的
copse,[kops],n.小灌木材，杂树林
cornfield,[`ko:nfi:ld],n.<美>玉米田，<英>小麦田
coronet,['korәnit],n.宝冠，小冠冕
corset,['ko:sit],n.束腹，妇女的胸衣
counterrevolution,[kauntәrevә'lu:∫әn],n.反革命
countess,['kauntis],n.伯爵夫人，女伯爵
courier,['kuriә],n.送快信的人，旅行从仆
courteously,[],adv.有礼貌地，亲切地
courthouse,[],n.法院，郡政府所在地
courtship,['ko:t∫ip],n.求爱，求爱时期
cove,[kәuv],n.山凹，小湾，<美>小峡谷，(延至树林的)狭长开阔地，[建]穹窿，拱,v.(使)内凹，(使)成拱形
coverlet,['kΛvәlit],n.被单，床单
covert,['kΛvәt],adj.隐蔽的，偷偷摸摸的，[律]在丈夫保护下的,n.掩蔽处，隐藏处
cowardice,['kauәdis],n.怯懦，胆小
cowboy,['kauboi],n.<美>牛仔，牧童，美国西部牧人
cowl,[kaul],n.蒙头斗篷，连有头巾的修道士服，(烟囱顶上的)通风帽
cowslip,['kauslip],n.黄花九轮草
cox,[koks],n.舵手,v.做舵手
cracked,[krækt],adj.声音嘶哑的，破碎的，破裂的
crafty,['krα:fti],adj.狡诈的，诡计多端的，善于骗人的
cranberry,['kræn˛bәri],n.[植]酸果蔓的果实
crater,['kreitә],n.弹坑
cravat,[krә'væt],n.领结，领巾，围巾，三角绷带
craving,['kreiviŋ],n.渴望
creamy,['kri:mi],adj.含乳脂的，奶油色的，乳脂状的
credulity,[kri'dju:liti],n.易信，轻信
credulous,['kredjulәs],adj.轻信的
Crete,[kri:t],n.克利特岛(位于地中海东部，属希腊)
crochet,['krәu∫ei],n.钩针编织品，钩边,v.用钩针编织
crocodile,['krokәdail],n.鳄鱼，鳄鱼皮
crossword,['kroswә:d],n.纵横字谜
crusader,[kru:`seidә(r)],n.十字军战士，改革者
crystalline,['kristәlain],adj.水晶的
crystallize,['kristәlaiz],v.明确
Cuban,['kju:bәn],n.古巴人,adj.古巴(人)的
cuddle,['kΛdl],v.拥抱
cudgel,['kΛdӡәl],n.棍棒,vt.用棍棒打
cue,[kju:],n.暗示，提示，球杆
cull,[kΛl],v.精选
culminate,['kΛlmineit],v.达到顶点
culprit,['kΛlprit],n.犯人
cult,[kΛlt],n.礼拜，祭仪，一群信徒，礼拜式
cultivated,['kΛltiveitid],adj.耕耘的，有教养的，栽植的
cultivator,['kΛltiveitә],n.耕者，耕田机，栽培者
curtail,[kә:'teil],vt.缩减，减少(经费等)，剥夺(某人的)特权(或官衔等)，简略
curtsey,['kә:tsi],n.屈膝礼,n.女人行的鞠躬礼
custard,['kΛstәd],n.奶油蛋羹，奶油冻
custody,['kΛstәdi],n.保管
cute,[kju:t],adj.可爱的，聪明的，伶俐的，装腔作势的
cyclone,['saiklәun],n.旋风，飓风，暴风，龙卷风，[气]气旋
cymbal,['simbәl],n.铙钹，高音音栓之一
cynical,['sinikәl],adj.愤世嫉俗的
czar,[zα:],n.(俄国)沙皇，<美>大权独揽的人，独裁者，专制君主
daffodil,['dæfәdil],n.水仙花,adj.水仙花色的
damask,['dæmәsk],n.缎子
dandelion,['dændilaiәn],n.蒲公英
Daphne,['dæfni],n.达芙妮(女名)
darkly,['dα:kli],adv.暗黑，呈黑色
dashing,['dæ∫iŋ],adj.活跃的，浮华的
daunt,[do:nt],v.沮丧
dauntless,['do:ntlis],adj.不屈不挠的，大胆的
deacon,['di:kәn],n.执事
deadlock,['dedlok],n.死锁，僵局
deafen,['defn],vt.使聋,vi.变聋
dearth,[dә:θ],n.缺乏
deary,['diәri],n.<俗>亲爱的人，小宝贝(母亲称小孩的亲昵语)
death rate,[],n.死亡率
deceitful,[di'si:tful],adj.欺诈的
decency,['di:snsi],n.庄重
deception,[di'sep∫әn],n.欺骗，诡计
deduct,[di'dΛkt],vt.扣除，演绎
defendant,[di'fendәnt],n.被告,adj.辩护的，为自己辩护的
defenseless,[di`fenslis],adj.无防备的
defiant,[di'faiәnt],adj.挑战的，挑衅的，目中无人的
deficiency,[di'fi∫әnsi],n.缺乏，不足
deficit,['defisit],n.赤字，不足额
defile,[di'fail],v.染污,n.隘路
deformity,[di'fo:miti],n.残缺，畸形，残废，畸形的人或物
deftly,[],adv.灵巧地，熟练地
degradation,[˛degrә'dei∫әn],n.降级，降格，退化
deign,[dein],vi.屈尊,vt.赐予
dejected,[di'jektid],adj.沮丧的，灰心的
delegation,[˛deli'gei∫әn],n.代表团，授权，委托
delete,[di' li:t],vt.删除
delightfully,[],大喜，欣然
deliverer,[di'livәrә],n.递送人
deluge,['delju:dӡ],n.洪水，豪雨,v.使泛滥，淹，浸，压倒
delusion,[di'lu:ӡәn],n.错觉
demolish,[di'moli∫],vt.毁坏，破坏，推翻，粉碎
denial,[di'naiәl],n.否认，否定，谢绝，拒绝
denomination,[di˛nomi'nei∫әn],n.命名
densely,[],adv.浓密地，浓厚地
density,['densiti],n.密度
dental,['dentl],adj.牙齿的
departed,[di'pα:tid],adj.死了的，已往的，过去的
dependant,[di'pendәnt],n.(=dependent)侍从，食客
dependence,[di'pendәns],n.依靠，依赖，信任，信赖
deplorable,[di'plo:rәbl],adj.可叹的
deplore,[di'plo:],v.表示悲痛
deportation,[˛dipo:'tei∫әn],n.移送，充军，放逐
deportment,[di'po:tmәnt],n.行为，举止
depose,[di'pәuz],vt.免职，废(王位)，作证,vi.宣誓作证
depreciation,[di˛pri:∫i'ei∫әn],n.贬值，减价，跌落，折旧，轻视
depressed,[di'prest],adj.沮丧的，降低的
deride,[di'raid],vt.嘲弄，嘲笑
derision,[di'riӡәn],n.嘲笑
descry,[dis'krai],vt.察看，发现，远远看到
desertion,[di'zә:∫әn],n.丢掉，遗弃，逃亡，开小差
designer,[di'zainә],n.阴谋家，设计家，制图师
despairing,[dis'pєәriŋ],adj.绝望的，失望的
despot,['despot],n.专制君主，暴君,n.[史] 拜占庭皇帝及其家属的名誉称号(后来其家臣也使用)
destitute,['destitju:t],adj.困穷的，缺乏的
devastate,['devәsteit],vt.毁坏
devilish,['devli∫],adj.如恶魔般的，精力旺盛的
devoid,[di'void],adj.全无的，缺乏的
devout,[di'vaut],adj.虔敬的，诚恳的
dewy,['dju:i],adj.带露水的，露湿的，如露的
dexterity,[deks'teriti],n.灵巧，机敏
diadem,['daiәdem],n.王冠，王权，带状头饰
dickens,['dikinz],n.魔鬼
dictator,[dik'teitә],n.独裁者，独裁政权执政者，口授令他人笔录者
dictatorship,[dik'teitә∫ip],n.专政
digestive,[di'dӡestiv; dai-],adj.消化的，有助消化的
digger,['digә],n.挖掘者，掘地兽
dignify,['dignifai],vt.使尊荣，增威严，使高贵，故做显贵
dike,[daik],n.堤防,vt.筑堤提防
dilate,[dai'leit],vi.扩大，详述，膨胀,vt.使扩大，使膨胀
diminutive,[di'minjutiv],adj.小的，指小的，小型的,n.小的人，指小辞，指小词，爱称
dimple,['dimpl],n.酒窝，涟漪,vt.使起涟漪
dioxide,[dai'oksaid],n.二氧化物
diploma,[di'plәumә],n.文凭，毕业证书，证明权力、特权、荣誉等的证书，奖状
diplomacy,[di'plәumәsi],外交
diplomat,['diplәmæt],n.外交官，有外交手腕的人，有权谋的人
dipper,['dipә],n.浸渍者，汲取的人，浸染工，显影液容器，北斗七星
dirge,['dә:dӡ],n.挽歌，哀悼歌
disagree,[˛disә'gri:],vi.不一致，不适宜
disagreement,[disә'gri:mәnt],n.意见不同，不调和，争执，不和，争论
disappearance,[˛disә'piәrәns],n.不见，消失
disapproval,[˛disә'pru:vәl],n.不赞成
disarmament,[dis'α:mәmәnt],n.裁军
disband,[dis'bænd],v.解散，裁减
disc,[disk],n.(=disk) 圆盘，唱片,vt.灌唱片
discomfort,[dis'kΛmfәt],n.不便之处，不适
disconcert,[˛diskәn'sә:t],vt.使惊惶，使仓皇失措，破坏
discontented,['diskәn'tentid],adj.不满意的
discontinue,['diskәn'tinju(:)],v.停止，废止，放弃
discord,['disko:d],n.不一致，意见不合，嘈杂声，[音乐] 不和谐,v.不和
discouragement,[dis`kΛridӡmәnt],n.气馁，挫折，劝阻
discredit,[dis'kredit],n.无信用，疑惑，不名誉，耻辱,vt.不信，怀疑，使丢脸
discreet,[dis'kri:t],adj.小心的，慎重的，有思虑的，贤明的
discrimination,[dis˛krimi'nei∫әn],n.辨别，区别，识别力，辨别力，歧视
diseased,[di'zi:zd],adj.患病的，败坏的，有病
disfigure,[dis'figә],v.损伤外貌，使变丑
disgraceful,[dis'greisful],adj.可耻的，不名誉的
dishearten,[dis'hα:tәn],vt.使...气馁，使...沮丧，使...失去勇气
dishonest,[dis'onist],adj.不诚实的
disillusion,[˛disi'lu:ӡәn],v.醒悟
dispel,[dis'pel],vt.驱散，驱逐，使消散
dispensation,[˛dispen'sei ∫әn],n.分配
dissatisfaction,['dis˛sætis'fæk∫әn],n.不满，不平，令人不满的事物
dissatisfied,[],adj.不满意的，不高兴的
dissension,[di'sen∫әn],n.意见不同，纠纷，争执
dissent,[di'sent],v.不同意
distasteful,[dis'teistful],adj.味道不佳的，(令人)不愉快的，讨厌的
distemper,[dis'tempә],n.大瘟热，不高兴，病异状,vt.用胶画颜料画，使发狂
distil,[],v.蒸馏，提取....的精华
divan,[di'væn],n.会议室，国务会议，(无扶手和靠背的)长沙发椅，咖啡馆，吸烟室
diver,['daivә],n.潜水者
divers,['daivәz],种种的
diverse,[dai'vә:s],adj.不同的，变化多的
diversity,[dai'vә:siti],n.差异，多样性
doggedly,[],adv.固执地，顽强地
doleful,['dәulful],adj.悲哀的，阴沉的，寂寞的
dolphin,['dolfin],n.海豚
domination,[domi'nei∫әn],n.控制，统治，支配
doorstep,['do:step],n.门阶，入门之阶
dope,[dәup],n.粘稠物，浓液，涂料，涂布油，麻醉药物，笨蛋,vt.上涂料，预测出,vi.服麻醉品,n.<美口>内幕，消息
dormitory,['do:mitri],n.宿舍
dote,[dәut],vi.昏聩，溺爱
doublet,['dΛblit],n.紧身上衣，成对的东西
doubly,['dΛbli],adv.二倍地，双重地，双摺地
doubtfully,[],adv.怀疑地，含糊地
doughnut,['dәunΛt],n.油炸圈饼,n.圆环图
downcast,['daunkα:st],adj.气馁的，悲哀的，沮丧的，(眼睛)向下看的
downfall,['daunfo:l],n.衰败，垮台，大雨，落下
downright,['daunrait],adj.明白的，显明的，率直的,adv.全然，完全，彻底
downstream,['daunstri:m],adv.下游地,adj.下游的
drab,[dræb],adj.土褐色的，单调的
dragoon,[drә'gu:n],n.骑兵，凶暴粗野的男人,vt.以武力迫害，弹压，强制
dramatist,['dræmәtist],n.剧作家
drastic,['dræstik],adj.激烈的，(药性等)猛烈的
drawback,['dro:˛bæk],n.缺点，障碍，退还的关税，退税(指进口货物再出口时退还其进口时的关税)
drawl,[dro:l],v.懒洋洋地说，做作而慢慢地说,n.懒洋洋的说话态度
dreamer,['dri:mә(r)],n.做梦的人，梦想家
dreamy,['dri:mi],adj.空幻的，梦想的，多梦的
drily,['draili],adv.(=dryly) 冷淡地，干巴巴的
drudgery,['drΛdӡәri],n.苦差事，苦工
druggist,['drΛgist],n.药商，药剂师，药材商
drunkard,['drΛŋkәd],n.醉汉，酒鬼
dub,[dΛb],vt.[电影]配音，轻点，授予称号，打击,n.鼓声，笨蛋
dubious,['dju:bjәs],adj.可疑的，不确定的
Dublin,['dΛblin],n.都柏林，爱尔兰共和国的首都
duchy,['dΛt∫i],n.公爵领地，直辖领地，公国
dully,[],adv.钝地，不清楚地，迟钝地
dunce,[dΛns],n.劣学生，傻瓜
duration,[djuә'rei∫әn],n.持续时间，为期
durst,[dә:st],vbl.dare的过去分词
Dutchman,['dΛt∫mәn],n.荷兰人
dynamite,['dainәmait],n.炸药，<俚> 能产生不凡效果的人或物,vt.炸毁，使失败
earnings,['ә:niŋz],n.所得，收入
earthen,['ә:θәn],adj.土制的，陶制的
ebony,['ebәni],n.黑檀树，乌木，乌梅,adj.乌木制的，黑檀的
eccentric,[ik'sentrik],adj.古怪,n.行为古怪的人
ecclesiastical,[i˛kli:zi'æstikl],adj.教会的，牧师的，神职的
edible,['edibl],adj.可食用的
edict,['i:dikt],n.布告，法令
edify,['edifai],v.启发
Edison,['edisn],n.爱迪生(美国发明家)
effectively,[i'fektivli],adv.有效地，有力地
effectually,[i`fekt∫uәli],adj.有效地，有法律效力地，全然
effeminate,[i'feminit],adj.柔弱的，女人气的，娇气的
efficiently,[i'fi∫әntli],adv.有效率地，有效地
Einstein,[],n.爱因斯坦(Albert 1879--1955，美籍德国犹太人，理论物理学家，创立相对论)
elegance,['eligәns],n.高雅，典雅，优雅，雅致
elimination,[i˛limi'nei∫әn],n.排除，除去，消除，消灭
elude,[i'lju:d; i'lu:d],v.躲避
emancipation,[i˛mænsi'pei∫әn],n.释放，解放
ember,['embә],n.灰烬，余烬
emblem,['emblәm],n.象征，徽章，符号，<古>寓意画,vt.用象征表示
embryo,['embriәu],n.胚胎，胎儿，胚芽,adj.胚胎的，初期的
emigrate,['emigreit],vi.永久(使)移居,vt.(使)移民
eminence,['eminәns],n.出众，显赫，崇高
emit,[i'mit],vt.发出，放射，吐露，散发，发表，发行
emphatic,[im'fætik],adj.语势强的，用力的，显著的，断然的
emphatically,[im`fætikәli],adv.强调地，用力地
empower,[im'pauә],v.授权与，使能够
enactment,[i'næktm(ә)nt],n.设定，制定
encamp,[in'kæmp],v.扎营
enclosure,[in'klәuӡә],n.围住，围栏，四周有篱笆或围墙的场地
encyclopedia,[en˛saiklәu'pi:diә],n.百科全书
endanger,[in'deindӡә],vt.危及
endear,[in'diә],vt.使亲密，使受钟爱
endorse,[in'do:s],v.在(票据)背面签名，签注(文件)，认可，签署
endowment,[in'daumәnt],n.捐赠，捐赠的基金(或财产)，天资，捐款
enduring,[in'djuәriŋ],adj.持久的，不朽的
engraving,[in'greiviŋ],n.雕刻术，雕版，雕版图
engross,[in'grәus],vt.用大字体书写，吸引，占用，使全神贯注，独占
enhance,[in'hα:ns],vt.提高，增强,v.提高
enjoin,[in'dӡoin],vt.吩咐，命令，嘱咐，<主美>禁止
enliven,[in'laivәn],vt.使生气的，使活泼，使生动
enmity,['enmiti],n.敌意，憎恨
ennoble,[i'nәubl],vt.封...为贵族，使高贵
enroll,[in'rәul],v.[亦作enrol] 登记，招收，使入伍(或入会、入学等)，参加，成为成员
ensemble,[ә:n'sα:mbl],n.<法>全体，[音]合唱曲，全体演出者
ensign,['ensain; 'ensn],n.旗，军舰旗，军旗，徽章，<美>海军少尉
entail,[in'teil],vt.使必需，使蒙受，使承担，遗传给,n.[建]限定继承权
enterprising,['entәpraiziŋ],adj.有事业心的，有进取心的，有魄力的，有胆量的，富有进取心
enthusiast,[in'θju:ziæst],n.热心家，狂热者
enthusiastically,[],adv.热心地，狂热地
entreaty,[in'tri:ti],n.恳求，乞求
entrepreneur,[˛ontrәprә'nә:],n.<法>企业家，主办人
enumerate,[i'nju:mәreit],v.列举
envoy,['envoi],n.外交使节，特使
epic,['epik],n.史诗，伟大事迹,adj.英雄的，壮丽的，大规模的
episcopal,[i'piskәpәl],adj.主教的，主教制度的，英国国教的
epitaph,['epitα:f],n.墓志铭，碑文
epoch,['i:pok; 'epok],n.新纪元，时代，时期，时间上的一点，[地质]世
equation,[i'kwei∫әn],n.相等，平衡，综合体，因素，方程式，等式
equatorial,[˛ekwә'to:riәl; i:k-],adj.近赤道的，赤道的,n .赤道仪
equilibrium,[˛i:kwi'libriәm],n.平衡，平静，均衡，保持平衡的能力，沉着，安静
equity,['ekwiti],n.公平，公正，公平的事物，资产净值，[律]平衡法
erection,[i'rek∫әn],n.直立，竖起，建筑物，[生理]勃起
erroneous,[i'rәunjәs],adj.错误的，不正确的
eruption,[i'rΛp∫әn],n.爆发，火山灰，[医]出疹
Eskimo,['eskimәu],n.爱斯基摩人,adj.爱斯基摩人的
especial,[is'pe∫әl],adj.特别的，特殊的
espouse,[is'pauz],vt.嫁娶，支持，赞成
espy,[is'pai],v.看到
estimation,[esti'mei∫әn],n.估计，预算，评价，判断，尊重
eternally,[i`tә:nәli],adv.永恒地，常常
ether,['i:θә],n.天空醚，大气，苍天，[物]以太
ethereal,[i'θiәriәl],adj.轻的，天上的，象空气的
ethics,['eθiks],n.偶尔，道德规范
etiquette,[eti'ket; 'etiket],n.礼节
eunuch,['ju:nәk],n.太监，宦官
evade,[i'veid],v.规避，逃避，躲避
evaporation,[i˛væpә'rei∫әn],n.蒸发(作用)
evolve,[i'volv],v.(使)发展，(使)进展，(使)进化
exacting,[ig'zæktiŋ],adj.苛求的，严格的，吃力的，需付出极大耐心
exaggeration,[ig˛zædӡә'rei∫әn],n.夸张，夸大之词
examiner,[ig'zæminә],n.主考者
exasperate,[ig'zα:spәreit],v.激怒
excavation,[˛ekskә'vei∫әn],n.挖掘，发掘，挖掘成的洞，出土文物
excellency,['eksәlәnsi],n.阁下，优点
exchequer,[iks't∫ekә],n.[英史]财物署，国库，财源，财政部
exclusion,[iks'klu:ӡәn],n.排除，除外，被排除在外的事物
excommunicate,[˛ekskә'mju:nikeit],vt.逐出教会,adj.被逐出教会的,n.被逐出教会的人
executor,[ig'zekjutә],n.被指定遗嘱执行者，执行者
exhale,[eks'heil; eg'zeil],v.呼气，发出，发散，<古>使蒸发
exhortation,[˛egzo:'tei∫әn; ˛ekso:-],n.劝告，讲道词，训词
expanse,[iks'pæns],n.宽阔的区域，宽阔，苍天，膨胀扩张
expectant,[iks'pektәnt],adj.预期的，期待的，[律](有继承权而)期待占有的,n.预期者，期待者
expressive,[iks'presiv],adj.表现的，表达...的，有表现力的，富于表情的
expressly,[iks'presli],adv.明白地，特别地，清楚地
expulsion,[iks'pΛl∫әn],n.逐出，开除
exquisitely,[],adv.精巧地，敏锐地
extended,[iks'tendid],adj.伸出的，延长的，广大的，扩大范围的，长期的
extensively,[],adv.广阔地
extoll,[iks'tol],vt.<美>=extol
extraordinarily,[ik'stro:dθnәrili],adv.格外地
exult,[ig'zΛlt],vi.非常高兴，欢跃
exultation,[˛egzΛl'tei∫әn],n.狂喜，大悦，欢欣，得意
fabulous,['fæbjulәs],adj.寓言中的，寓言般的，神话般的，传统上的，惊人的，难以置信的
facial,['fei∫әl],adj.面部的
fag,[fæg],n.吃力的工作，疲劳，苦工,vi.努力地工作,vt.使劳累
fairness,['fєәnis],n.公平，正直，美好，明亮，清晰，适当，顺利性
faithless,['feiθlis],adj.背信弃义的，不忠的，不老实的，无信的，不忠实的
fake,[feik],n.假货，欺骗,adj.假的,vt.伪造，赝造，捏造，假造，仿造,vi.伪装
familiarity,[fә˛mili'æriti],n.熟悉，通晓，亲密，熟悉，精通
famish,['fæmi∫],vt.(常用被动语态)使挨饿，<古>使饿死,vi.饥饿，挨饿
fanatic,[fә'nætik],n.狂热者，盲信者，入迷者,adj.狂热的，盲信的
fang,[fæŋ],n.(犬，狼等的)尖牙，犬牙，(毒蛇的)毒牙，牙根，尖端,vt.灌水引动(水泵)
fantasy,['fæntәsi; 'fæntәzi],n.幻想，白日梦
far-reaching,[],adj.深远的，伸至远处的，广大的
farce,[fα:s],n.笑剧，闹剧，滑稽剧，胡闹,vt.<古>填塞，为(演讲，作品等)加穿插
farmyard,['fα:mjα:d],n.农场建筑物周围的空地，农家庭院
farthing,['fα:ðiŋ],n.<英>14旧便士，英国最小的钱币，极少量，一点儿
fatten,['fætәn],vi.长肥，(靠...)发财，养肥,vt.养肥，使肥沃，使充实，使肥胖
faultless,['fo:ltlis],adj.无错误的，无缺点的，完美的，无缺点的，无可指责的
faulty,['fo:lti],adj.有过失的，有缺点的，不完美的，不完善的
feasible,['fi:zәbl],adj.可行的，切实可行的
feeder,['fi:dә],n.饲养员，奶瓶，进料器，馈电线，支流
felicity,[fi'lisiti],n.幸福，幸运，福气，(措辞等)恰当，巧妙，幸福，幸运
ferment,['fә:mәnt],n.酵素，发酵，动乱,v.(使)发酵，(使)激动，(使)动乱
fermentation,[˛fә:men'tei∫әn],n.发酵
ferocious,[fә'rәu∫әs],adj.凶恶的，残忍的，凶猛的，<口>十分强烈的，极度的
ferocity,[fә'rositi],n.凶猛，残忍，暴行
fertility,[fә:'tiliti],n.肥沃，丰产，多产，人口生产，生产力
fervent,['fә:vәnt],adj.炽热的
fervently,[],adv.热心地，热诚地
festive,['festiv],adj.庆祝的，喜庆的，欢乐的，节日似
festivity,[fes'tiviti],n.欢宴，欢庆
fickle,['fikl],adj.(在感情等方面)变幻无常的，浮躁的，薄情的
fierceness,[],n.强烈
fife,[faif],n.横笛，吹横笛,v.吹横笛
filial,['filjәl],adj.子女的，孝顺的，当做子女的
filth,[filθ],n.污秽，污物，不洁，猥亵
fin,[fin],n.鳍，鱼翅，鳍状物，五元纸币,vi.猛挥鳍，露鳍于水面的,vt.装上翅，切除鳍
financially,[],adv.财政上，金融上
financier,[fai'nænsiә; fi-],n.财政家，金融家,vi.欺骗性地从事金融活动，欺骗，骗取
fineness,['fainnis],n.出色，优良
firefly,['faiәflai],n.萤火虫
fireside,['faiәsaid],n.炉边，家庭,adj.炉边的，亲切的，无拘无束的
firewood,[],n.木柴，柴火
fireworks,[],n.烟火，激烈争论
first-class,[],adj.最好的，第一流的，头等舱，优秀的,adv.最好地，第一流地，优秀地
firstborn,['fә:stbo:n],adj.头生的(子女)，初生的，第一胎生的,n.初生儿，长男，长女
fiscal,['fiskәl],adj.财政的，国库的，会计的，国库岁入的,n.(苏格兰和欧洲某些国家的)检查官，印花税票
fishery,['fi∫әri],n.渔业，水产业，渔场，养鱼术
fissure,['fi∫ә],n.裂缝，裂沟，(思想，观点等的)分歧,v.(使)裂开，(使)分裂
fitness,['fitnis],n.适当，适切性
fitting,['fitiŋ],adj.适合的，相称的，适宜的,n.试穿，试衣，装配，装置
flask,[flα:sk],n.瓶，长颈瓶，细颈瓶，烧瓶，小水瓶
flatly,['flætli],adv.平平地，水平地，无力气地
flaw,[flo:],n.缺点，裂纹，瑕疵，一阵狂风,vt.使破裂，使有缺陷，使无效,vi.生裂缝，变的有缺陷
flea,[fli:],n.跳蚤，低廉的旅馆，生蚤的动物
fleecy,['fli:si],adj.以羊毛盖上的，蓬松的，羊毛似的
fleeting,[],adj.飞逝的；短暂的
flick,[flik],n.(用鞭)快速的轻打，轻打声，弹开,v.轻弹，轻轻拂去，忽然摇动，(翅)拍动，(旗)飘扬
flop,[flop],n.砰然落下，拍击声，失败,vi.扑拍，跳动，脚步沉重地走，笨重地摔，猛落,vt.笨拙地抛下,adv.噗地一声，恰巧
florin,['florin],n.弗罗林，一种货币
floss,[flos],n.丝棉，乱丝，绣花丝线，[植]绒毛
flounder,['flaundә],vi.(在水中)挣扎，困难地往前走，踌躇，发慌,n.挣扎，辗转，比目鱼
fluctuation,[˛flΛktju'ei∫әn],n.波动，起伏
fluffy,[`flΛfi],adj.绒毛似的，披着绒毛的，蓬松的，愚蠢的
flyer,['flaiә],n.飞鸟，飞行物，飞行员，飞跳，(广告)传单，<美俚>孤注一掷
fodder,['fodә],n.饲料，草料，(创作的)素材，弹药,vt.喂
foggy,['fogi],adj.雾深的，模糊的，朦胧的，(玻璃窗等)不明净的
fondness,[`fondnis],n.爱好，溺爱
foolishly,[],adv.愚笨地，无聊地
foothold,['futhәuld],n.立足处
footing,['futiŋ],n.立足处，(社会)地位，关系
footman,['futmәn],n.男仆，步兵
footprint,['futprint],n.足迹，脚印
forage,['foridӡ],n.草料
forbearance,[fo:'bєәrәns],n.自制，忍耐，[律]债务偿还期的延展
forcibly,['fo:sәbәli],adv.强制地，用力，硬
forecast,['fo:kα:st],n.先见，预见，预测，预报,vt.预想，预测，预报，预兆
forefinger,['fo:˛fiŋgә],n.食指
foregoing,[fo:'gәuiŋ],adj.在前的，前述的
foreseen,[],vbl.foresee的过去分词
forester,['foristә],n.林务官，森林人
foretold,[fo:'tәuld],vbl.foretell的过去式及过去分词
formulate,['fo:mjuleit],vt.用公式表示，明确地表达，作简洁陈述,v.阐明
forsaken,[fә`seikәn],adj.被弃的，孤独的，被抛弃的
forsook,[fә'suk],vbl.forsake的过去式
forthcoming,[fo:θ'kΛmiŋ],adj.即将来临的,n.来临
fortitude,['fo:titju:d],n.坚韧
forum,['fo:rәm],n.古罗马城镇的广场(或市场)，论坛，法庭，讨论会
fount,[faunt],n.泉，墨水缸，(灯的)储油器
fourscore,[`fo:`sko:(r)],adj.八十的，八十个的,n.八十，八十个，八十岁
frailty,['freilti],n.虚弱，脆弱，意志薄弱，过失，品德上的弱点
framework,['freimwә:k],n.构架，框架，结构
franchise,['frænt∫aiz],n.特权，公民权,v.赋予特权，赋予公民权
frankness,[],n.率直，坦白
frantically,[],adv.狂暴地，疯狂似地
fraternal,[frә'tә:nl],adj.兄弟的，兄弟般的，友爱的
Frau,[frau],n.<德>夫人，已婚的女性
fraught,[fro:t],adj.充满...的
freak,[fri:k],n.怪诞的思想、行动或事件，畸形人，畸形的动物或植物，反复无常,adj.奇异的，反常的
frequency,['fri:kwәnsi],n.频率，周率，发生次数
freshman,[],n.新生，大学一年级学生
fretful,['fretful],adj.烦燥的，起波纹的，焦躁的
friendliness,[],n.友谊，友善，亲切，亲密
frieze,[fri:z],n.[建]中楣，起绒粗呢vt.使起绒毛
frigate,['frigit],n.三帆快速战舰，护卫舰
frightfully,[],adv.可怕地，非常地
frill,[fril],n.装饰,v.装饰
frisk,[frisk],n.快乐，快乐的时刻，搜身,vi.欢跃，蹦跳,vt.轻摇
Fritz,[frits],n.德国人
frivolous,['frivәlәs],adj.轻佻的，琐碎的，妄动的
froth,[froθ; fro:θ],n.泡，泡沫，废物,vt.使生泡沫,vi.发泡
froze,[frәuz],vbl.freeze 的过去式
frugal,['fru:gәl],adj.节俭的，朴素的
frustration,[frΛs'trei∫әn],n.挫败，挫折，受挫
fungus,['fΛŋgәs],n.菌类，蘑菇
funnel,['fΛnәl],n.漏斗，烟窗
gabardine,['gæbәdi:n],n.一种斜纹防水布料，一种宽松的长袍，华达呢
gable,['geibl],n.尖顶屋两端的山形墙
gad,[gæd],vi.闲逛，游荡，找乐子,vt.用铁棒刺,n.游荡，錾，(赶牲畜用的)尖头棒,int.表示轻微的咒骂或惊讶，God 的变形
gaiety,['geiәti],n.欢乐的精神，欢乐的气氛,作乐，乐事
gambler,['gæmblә(r)],n.赌博的人，赌徒
garbage,['gα:bidӡ],n.垃圾，废物
garlic,['gα:lik],n.[植]大蒜，(Akkuyn sadtium)，蒜头
garner,['gα:nә],v.储存
garter,['gα:tә],n.吊袜带,v.吊袜带吊住
gaseous,['gæsiәs; 'geizjәs],adj.气体的，气态的
gaudy,['go:di],adj.华而不实的
gauge,[gedӡ],n.标准尺，规格，量规，量表,v.测量
gauze,[go:z],n.薄纱，[医]纱布，薄雾
gayly,[`geili],adv.快乐地，华美地
gee,[dӡi:],n.字母G,int.(驾驭马牛等的吆喝声)向右!，前进!快！，惊讶时所发声音,v.(使)向右转,n.<美俚>一千美元
Genoa,['dӡenәuә],n.热那亚(意大利西北部的州及其首府)
genteel,[dӡen'ti:l],adj.上流社会的
gentlewoman,['dӡentlwumәn],n.贵妇人
gentry,['dӡentri],n.贵族们
genuinely,[],adv.真诚地，诚实地
genus,['dӡi:nәs],n.种，类
geological,[dӡiә'lodӡikәl],adj.地质学的，地质的
geranium,[dӡi'reinjәm˛ dӡә'rei-],n.天竺葵
germinate,['dӡә:mineit],v.发芽，发育，使生长
ghostly,['gәustli],adj.可怕的
giddy,['gidi],adj.眼花缭乱的，头晕的，轻率的,v.(使)眼花，(使)眩晕
gig,[gig],n.旋转物,v.乘轻便双轮马车
giggle,['gigl],v.哈哈地笑,n.傻笑
gilt,[gilt],n.镀金，表面装饰，小母猪,adj.镀金的,vbl.gild的过去式和过去分词
gingham,['giŋәm],n.有条纹或方格纹的棉布，洋伞
gird,[gә:d],v.束缚
giver,['givә],n.送礼者
glade,[gleid],n.林间空地，一片表面有草的沼泽低地
glamor,['glæmә],n.魔法，迷人的美,vt.迷惑
gland,[glænd],n.[解剖]腺，[机械]密封管
glassy,['glα:si],adj.象玻璃的
glean,[gli:n],v.拾落穗，收集
glint,[glint],n.闪烁
gloomily,[],adv.黑暗地，沮丧地
gloriously,[],adv.光荣地，辉煌地
gloss,[glos],n.光泽的表面，光彩，欺人的表面，假象，注释,vt.使有光彩，掩饰，上光于，注释，曲解,vi.发光，作注释
glossy,['glosi],adj.平滑的，有光泽的
gnat,[næt],n.小昆虫，小烦扰
gobble,['gobl],n.火鸡叫声,vt.狼吞虎咽,vi.贪食，咯咯叫声
godlike,['godlaik],adj.似神的，庄严的，与神相称的
godmother,['godmΛðә(r)],n.教母，名义上母亲
gong,[goŋ],n.铜锣，盘形钟,vt.打锣作为停车信号
good-looking,[],漂亮的
good night,[],int.晚安
goody,['gudi],n.身份低微之老妇，媪，糖果,adj.感伤的，<俗>伪善的,int.<俗>好呀！
gosh,[go∫],int.唉!，必定!，糟了!
governess,['gΛvәnis],n.女家庭教师
governmental,[˛gΛvәn'mentl],adj.政府的
graduation,[˛grædju'ei∫әn],n.毕业，毕业典礼，刻度，分等级
grandsire,['grændsaiә(r)],n.祖父，老人，祖先
grange,[greindӡ],n.农庄
graphic,['græfik],adj.绘画似的，图解的
graphite,['græfait],n.石墨
grapple,['græpl],v.格斗
gratification,[˛grætifi'kei∫әn],n.满意
gravitation,[˛grævi'tei∫әn],n.地心吸力，引力作用
greasy,['gri:si; 'gri:zi],adj.多脂的，油脂的，油污的
Great Britain,[],n.英国
Grecian,['gri:∫әn],adj.希腊的，希腊式的,n.希腊学家
greenhouse,['gri:nhaus],n.温室，花房
greenish,[`gri:ni∫],adj.呈绿色的
greenwood,['gri:nwud],n.绿林，未枯干的树
grenadier,[˛grenә'diә],n.手榴弹兵，[军]精锐部队的士兵
greyhound,['greihaund],n.灰狗，快速船
grill,[gril],n.烤架，铁格子，烤肉,v.烧，烤，严加盘问
grit,[grit],n.粗砂,v.研磨，在...上铺砂砾
grotto,['grotәu],n.洞穴，岩穴，人工洞室
grower,['grәuә(r)],n.栽培者，生长物
gruff,[grΛf],adj.(说话、态度等) 粗暴的，生硬的，脾气坏的，(声音)粗哑的
gruffly,[],adv.粗暴地，粗声地
guaranty,['gærәnti],n.[律]保证，保证书，担保物，抵押物,vt.保证，抵押，担保
guile,[gail],n.狡诈，诡计
guiltless,['giltlis],adj.无罪的，无辜的
guinea,['gini],n. 几尼（英国的旧金币，值一镑一先令）
guitar,[gi'tα:],n.吉他，六弦琴,vi.弹吉他
gulch,[gΛl∫],n.<美>干谷峡谷，冲沟(尤指产金地的急流峡谷)
gull,[gΛl],n.[动] 鸥，易受骗之人，笨人,vt.欺诈，骗，使上当
gunner,['gΛnә],n.炮手，炮长，带枪猎人，管理军械(库)的准尉
gunpowder,['gΛnpaudә(r)],n.黑色火药，有烟火药
gurgle,['gә:gl],n.(流水的)汩汩声，欢乐的(咯咯声)，(人发)咯咯声，汩汩地流,vi.(流水)作汩汩声
gust,[gΛst],n.阵风，一阵狂风，(雨、冰雹、烟、火、声音等的)突然一阵，（感情的）迸发，汹涌
gymnasium,[dӡim'neiziәm; gim'nα:ziәm],n.健身房，体育馆
habitual,[hә'bitjuәl],adj.习惯的，惯常的
habitually,[hә'bitjuәli],adv.习惯地
Hague,[heig],n.海牙(荷兰的中央政府所在地，在荷兰西部)
Haiti,['heiti],n.海地
half-hour,[],n.半小时，半点钟,adj.半小时的
hallway,['ho:lwei],n.走廊
halter,['ho:ltә],n.缰绳，（马）笼头
Hamburg,['hæmbә:g],汉堡(德国西北部一城市), 为装饰妇女服装用的
hap,[hæp],n.偶然，机会，运气,vi.偶然发生
hapless,['hæplis],adj.倒霉的，不幸的
harmonize,['hα:mәnaiz],v.协调
harrow,['hærәu],n.耙(地)，使精神痛苦,vt.耙掘，伤害，使苦恼,vi.被耙松
harshly,[],adv.严厉地，苛刻地
haughtily,[],adv.傲慢地，骄傲地
haven,['heivn],n.港口，避难所
havoc,['hævәk],n.大破坏，浩劫,vt.严重破坏
Hawaii,[hα:'waii:],n.夏威夷，夏威夷岛
hawthorn,['ho:θo:n],n.山楂
hazardous,['hæzәdәs],adj.危险的，冒险的，碰运气的
haze,[heiz],n.薄雾，疑惑，阴霾,vt.使变朦胧，使变糊涂，使劳累,vi.变朦胧，变糊涂
hazel,['heizl],n.榛子，淡褐色,adj.榛树的，淡褐色的
headland,['hedlәnd],n.向水中突出的陆地，畦头未耕的一条地，岬
hearer,['hiәrә(r)],n.听者，听众
heather,['heðә],n.石南花,adj.杂色的，似石南的
heaviness,['hevinis],n.沉重，重量
hedgehog,['hedӡhog; (?@) -ho:g],n.猬
heighten,['haitn],v.提高，升高
helplessly,[],adv.无能为力地，无望地
hemp,[hemp],n.大麻，纤维
herdsman,['hә:dzmәn],n.牧者，牧人
hereby,['hiә'bai],adv.因此，据此
heredity,[hi'rediti],n.遗传，形质遗传
herein,['hiәrin],adv.于此，在这里
heresy,['herәsi],n.异端，异教
herewith,[hiә'wið],adv.同此，因此
heroism,['herәuizәm],n.英雄品质，英勇，勇敢的事迹，豪侠的行为，英雄主义
Herr,[hєә],n.<德>先生
hickory,['hikәri],n.山胡桃树，山胡桃木
hight,[hait],adj.被称为，名叫
hilltop,[`hiltop],n.小山顶
hilt,[hilt],n.柄，刀把
Himalayan,[˛himә`leiәn],adj.喜玛拉雅的
hindrance,['hindrәns],n.妨碍，障碍
Hindu,['hindu:],n.印度人，印度教教徒,adj.印度人的，印度教的
hoar,[ho:; hoә],adj.灰白的
hoarsely,[],adv.嘶哑地，刺耳地
hoary,['ho:ri; 'hoәri],adj.灰白的，（因年迈而）头发灰白的，古代的，久远的
hobble,['hobl],v.蹒跚
holding,['hәuldiŋ],n.把握，支持，持有，所有物，财产
holiness,['hәulinis],n.神圣
holly,['holi],n.冬青树
homeless,['hәumlis],adj.无家的，无家可归的
homemade,['hәum'meid],adj.自制的，本国制的
homemaker,[`hәum˛meikә(r)],n.主妇
homesick,['hәumsik],adj.思家的，思乡病的
homespun,['hәumspΛn],n.手织物，朴素的
honeycomb,['hΛnikәum],n.蜂房，蜂巢，蜂脾
honeysuckle,['hΛnisΛk(ә)l],n.[植]忍冬，金银花
honorably,[],adv.值得尊敬地，体面地
hoot,[hu:t; hut],n.猫头鹰的叫声，汽车喇叭声，表不满或轻蔑的叫嚣，嘲骂声，鸣响,vi.大声叫嚣，鸣响，猫头鹰叫,vt.呵斥，轰赶
hopefully,['hәupfuli],adv.有希望地，有前途地
horde,[ho:d],n.游牧部落
horribly,[`horәbli],adv.可怕地，非常地
horsepower,['ho:s˛pauә],n.马力
horseshoe,['ho:∫∫u:; 'ho:s∫u:],n.马蹄铁,vt.装蹄铁于
housekeeping,['hauski:piŋ],n.家务管理
housetop,[],n.屋顶
housework,['hauswә:k],n.家务，劳动，家务事
Hugo,['hju:gәu],雨果(①姓氏，男子名，Hugh 的异体 ②Victor Mavie，1802-1885，法国小说家，剧作家)
huh,[hΛ],int.哼!，哈!
humane,[hju:'mein],adj.仁慈的
humidity,[hju:'miditi],n.湿气，潮湿，湿度<美>沼泽中的肥沃高地
humiliation,[hju:˛mili`ei∫әn],n.羞辱，蒙耻
hump,[hΛmp],n.驼峰，驼背，小园丘，峰丘,v.(使)隆起，弓起
hunch,[hΛnt∫],n.圆形之隆起物，肉峰，预感，大块,vt.弯腰驼背，弓起背部，耸肩,vi.向前移动，隆起
hundredth,['hΛndrәdθ],adj.第一百的
Hungary,['hΛŋgәri],n.匈牙利
hunting,['hΛntiŋ],n.打猎，搜索，追逐
husbandry,['hΛzbәndri],n.管理
hyacinth,['haiәsinθ],n.[植]风信子，洋水仙，水葫芦，[矿]红锆英石（红风信子石）
hybrid,['haibrid],n.杂种，混血儿，混合物,adj.混合的，杂种的
hypocrisy,[hi'pokrәsi],n.伪善
hypocrite,['hipәkrit],n.伪君子，伪善者
hysteria,[his'tiәriә],n.歇斯底里，不正常的兴奋，癔病
hysterical,[his'terikәl],a歇斯底里的，异常兴奋的
iceberg,['aisbәg],n.冰山，冷冰冰的人
Iceland,['aislәnd],n.冰岛(欧洲岛名，在大西洋北部，近北极圈)
Idaho,['aidәhәu],n.爱达荷州(美国州名)
idealism,[ai'diәlizm],n.理想主义，唯心论
identity,[ai'dentiti],n.同一性，身份，一致，特性，恒等式
idolatry,[ai'dolәtri],n.偶像崇拜，过度崇拜，邪神崇拜
ignoble,[ig'nәubl],adj.不光彩的
illegal,[i'li:gәl],adj.违法的，不合规定的
illiterate,[i'litәrit],n.文盲,adj.不识字的，没受教育的
illumination,[i˛lju:mi'nei∫әn],n.照明，阐明，启发，灯彩(通常用复数)
illustrator,['ilәstreitә(r)],n.插图画家，图解者，说明者
imaginative,[i'mædӡinәtiv],adj.想象的，虚构的
immaculate,[i'mækjulit],adj.完美的
immemorial,[˛imi'mo:riәl],adj.古老的，远古的，无法追忆的
imminent,['iminәnt],adj.即将来临的，逼近的
immovable,[i'mu: vәbl],adj.固定的，不动的，不改变的
immunity,[i'mju:niti],n.免疫性
impact,['impækt],n.碰撞，冲击，冲突，影响，效果,vt.挤入，撞击，压紧，对...发生影响
impartial,[im'pα:∫әl],adj.公平的，不偏不倚的
impeach,[im'pi:t∫],vt.[律]控告，检举，<主美>弹劾，怀疑
impede,[im'pi:d],v.阻止
impediment,[im'pedimәnt],n.妨碍，阻碍，障碍物，(言语)障碍，口吃，障碍物
impending,[im'pendiŋ],n.迫近
imperious,[im'piәriәs],adj.专横的
impersonal,[im'pә:sәnl],adj.非个人的
impetuous,[im'petjuәs],adj.冲动的，猛烈的，激烈的
impetus,['impitәs],n.推动力，促进
impious,['impiәs],adj.不尊敬的，无信仰的，不虔诚的
implication,[˛impli'kei∫әn],n.牵连，含意，暗示
importation,[˛impo:'tei∫әn],n.进口，输入品
imposing,[im'pәuziŋ],adj.使人难忘的，壮丽的
impossibility,[im˛posә`bilәti],n.不可能之事，不可能
impoverish,[im'povәri∫],vt.使贫穷，使枯竭
impracticable,[im'præktikәbl],adj.不可行的
improbable,[im'probәbl],adj.不可能的
improper,[im'propә],adj.不适当的，不合适的，不正确的，不合礼仪的，不适宜
improvise,['imprәvaiz],v.临时准备
impulsive,[im'pΛlsiv],adj.冲动的
impunity,[im'pju:niti],n.不受惩罚，免罚，无患
impurity,[im'pjuәriti],n.杂质，混杂物，不洁，不纯
impute,[im'pju:t],vt.归罪于，归咎于，归因于
inability,[inә'biliti],n.无能，无力
inaccessible,[˛inæk'sesәbl],adj.达不到的，难以接近
inactive,[in'æktiv],adj.无行动的，不活动的，停止的，怠惰的,adj.非活动的
inaugurate,[i'no:gjureit],vt.举行就职典礼，创新，开辟，举行开幕(落成、成立)典礼.
inauguration,[i˛no:gju'rei∫әn],n.就职典礼，开幕式
incentive,[in'sentiv],n.动机,adj.激励的
incessant,[in'sesnt],adj.不断的，不停的
incessantly,[],adv.不间断地
incidental,[˛insi'dentl],adj.附带的，伴随的，非主要的，偶然的，容易发生的,n.伴随事件，(用复数)杂项、杂费
incomparable,[in'kompәrәbl],adj.无与伦比的，不能比较的
incompetent,[in'kompitәnt],adj.不合格的，不胜任的,n.无能力者
incomplete,[˛inkәm'pli:t],adj.不完全的，不完善的
inconsistent,[˛inkәn'sistәnt],adj.不一致的，不协调的，矛盾的
inconvenient,[˛inkәn'vi:njәnt],adj.不便的，有困难的
incorrect,[˛inkә'rekt],adj.错误的，不正确的
incredibly,[],adv.不能相信地
incredulous,[in'kredjulәs],adj.怀疑的，不轻信的
incurable,[in'kjuәrәbl],adj.不能治愈的
indebted,[in'detid],adj.负债的，感恩的
indefinite,[in'definit],adj.模糊的，不确定的，[语]不定的
indemnity,[in'demniti],n.保证物，赔偿物，赔款，补偿，保证
indent,[in'dent],n.缩进，契约，订货单，凹痕,vi.切割成锯齿状,vt.(印刷，书写)缩排，定货，印凹痕
independently,[indi'pendәntli],adv.独立地，自立地
indescribable,[˛indi'skraibәbl],adj.难以形容的
indicative,[in'dikәtiv],adj.(～ of) 指示的，预示的，可表示的
indictment,[in'daitmәnt],n.控告
indifferently,[],adv.冷淡地，不关心地
indignantly,[],adv.愤怒地
indigo,['indigәu],n.靛，靛青
indirectly,[],adv.间接地，拐弯抹角地
individuality,[˛indi˛vidju'æliti],n.个性，个人的特性，(通常用复数)个人的嗜好
individually,[indi'vidjuәli],adv.个别地
indomitable,[in'domitәbl],adj.不屈服的，不屈不挠的
inducement,[in'dju:smәnt],n.诱导，诱因，动机，刺激物
inert,[i'nә:t],adj.无活动的，惰性的，迟钝的
inexpensive,[˛iniks'pensiv],adj.便宜的，不贵重的
inexperienced,[],adj.无经验的，不熟练的
inexplicable,[in'eksplikәbl],adj.无法说明的
infallible,[in'fælәbl],adj.没有错误的，确实可靠的,n.一贯正确的人
infamous,['infәmәs],adj.声名狼籍的
infernal,[in'fә:nl],adj.阴间的，恶魔的
infest,[in'fest],v.大批滋生
infirmity,[in'fә:miti],n.虚弱，衰弱，缺点
inflate,[in'fleit],vt.使膨胀，使得意，使(通货)膨胀，使充气,vi.充气，膨胀
influenza,['influ'enzә],n.流行性感冒
ingratitude,[in'grætitju:d],n.忘恩，不知恩
inherent,[in'hiәrәnt],adj.固有的，内在的，与生俱来的
iniquity,[i'nikwiti],n.不公正
initiate,[i'ni∫ieit],vt.开始，发动，传授,v.开始，发起
inject,[in'dӡekt],vt.注射，注入
inlet,['inlet],n.进口，入口，水湾，小港，插入物
inmate,['inmeit],n.同住者，同室者(特指在医院、监狱)，居民
innocently,[],adv.无罪地，纯洁地
innovation,[˛inәu'vei∫әn],n.改革，创新
inquisition,[˛inkwi'zi∫әn],n.调查，探究，审理，(中世纪天主教审判异教徒)宗教裁判所
inquisitive,[in'kwizitiv],adj.好奇的
insanity,[in'sæniti],n.精神错乱，疯狂，愚顽
insensible,[in'sensәbl],adj.无知觉的，无同情心的，硬心肠的，麻木不仁的
inseparable,[in'sepәrәbl],adj.不能分的
insight,['insait],n.洞察力，见识
insinuate,[in'sinjueit],vt.使逐步而巧妙地取得，使迂回地潜入(或挤入)，使慢慢滋长，含沙射影地说
insistence,[in`sistәns],n.坚持，坚决主张
insistent,[in'sistәnt],adj.坚持不懈的
insolence,['insәlәns],n.傲慢
insolent,['insәlәnt],n.侮慢无礼的人,adj.傲慢的，无礼的，侮慢的
installation,[˛instә'lei∫әn],n.[计]安装，装置，就职
instinctive,[in'stiŋktiv],adj.本能的
insufficient,[˛insә'fi∫әnt],adj.不足的，不够的,n.不足
insulate,['insjuleit],vt.使绝缘，隔离
intact,[in'tækt],adj.完整无缺的，尚未被人碰过的，(女子)保持童贞的，(家畜)未经阉割的
intensive,[in'tensiv],adj.强烈的，精深的，透彻的，[语法]加强语气的,n.加强器
inter,[in'tә:],vt.埋葬，葬，埋
intercept,[˛intә'sept],vt.中途阻止，截取
interchange,[˛intә't∫eindӡ],vt.(指两人等)交换,v.相互交换
intermediate,[˛intә'mi:djәt],adj.中间的,n.媒介
interminable,[in'tә:minәbl],adj.无限的，冗长的
interstate,[˛intә(:)'steit],adj.州际的
intervention,[˛intә(:)'ven∫әn],n.干涉
intestine,[in'testin],adj.内部的，国内的,n.[解，动]肠
intimately,[],adv.密切地
intrusion,[in'tru:ӡәn],n.闯入，侵扰
invaluable,[in'væljuәbl],adj.无价的，价值无法衡量的
investor,[in'vestә],n.投资者
inviting,[in'vaitiŋ],adj.引人动心的，有魅力的
invoke,[in'vәuk],v.调用
involuntarily,[],adv.不知不觉地，无心地
involuntary,[in'volәntәri],adj.自然而然的，无意的，不知不觉的，偶然的，不随意的
inwardly,['inwәdli],adv.在内部地，小声地，思想上，本质上
iridescent,[˛iri'desnt],adj.彩虹色的，闪光的
Irishman,['aiәri∫m(ә)n],n.爱尔兰人
irony,['aiәrәni],n.反话，讽刺，讽刺之事
irrigate,['irigeit],vt.灌溉，修水利，冲洗伤口，使潮湿,vi.进行灌溉
irritable,['iritәbl],adj.易怒的，急躁的
irritation,[˛iri'tei∫әn],n.愤怒
isolation,[˛aisәu'lei∫әn],n.隔绝，孤立，隔离，绝缘，离析
Istanbul,[˛istæn'bu:l],n.伊斯坦布尔(土耳其西北部港市)
itch,[it∫],n.发痒，渴望，[医]疥疮(尤指发痒的),vi.发痒，渴望
jade,[dӡeid],n.碧玉，翡翠，老马,adj.绿色的，玉制的,v.(使)疲倦
javelin,['dӡævlin],n.(投掷用的)标枪
jazz,[dӡæz],n.(20世纪产生于美国的一种舞曲性音乐)爵士乐，喧闹,adj.爵士乐的，喧吵的，颜色过于艳丽的,vi.奏爵士乐，跳爵士舞，游荡,vt.奏爵士乐，使活泼
jenny,['dӡeni],n.移动式起重机，纺织机
jester,['dӡestә(r)],n.讲笑话的人，小丑
jeweler,['dӡu:әlә(r)],n.宝石商，宝石匠
jig,[dӡig],n.快步舞，快步舞曲，带锤子的钓钩，夹具,v.乱跳，加工用钩钓鱼，选筛
jill,[dӡil],n.女人，少女
jocund,['dӡokәnd],adj.欢乐的，高兴的
jog,[dӡog],n.轻推，轻撞，漫步,v.轻推，(使)蹒跚行进，(使)慢跑
jolt,[dӡәult],v.摇晃,n.摇晃
jot,[dӡot],n.少量，少额，稍许,vt.略记，摘要记载下来，草草地记下
journalism,['dӡә:nәlizәm],n.新闻业，报章杂志
joyously,[],adv.快乐地，快活地
jubilee,['dӡubili:],n.50年节，(天主教)大赦年
judicious,[dӡu(:)'di∫әs],adj.明智的
juicy,['dӡu:si],adj.多汁的，潮湿的，有趣的，报酬多的
jumble,['dӡΛmbl],v.混杂，搞乱,n.混乱
jumper,['dӡΛmpә],n.跳跃者，跳高运动员，跳跃的动物，妇女穿的套头外衣，海员的上衣，工作服
jumpy,['dӡΛmpi],adj.跳跃的，神经质的
juror,['dӡuәrә],n.陪审员，审查委员
justification,[dӡΛstifi'kei∫(ә)n],n.认为有理，认为正当，理由，辩护，释罪
jut,[dӡΛt],v.(使)突出，(使)伸出，突击,n.突出部分，伸出部分
juvenile,['dӡu:vinail],adj.青少年的，幼稚的,n.青少年，少年读物
Kaiser,[],n. 德国皇帝
kennel,['kenl],n.狗窝，狗屋，阴沟,vt.置于狗窝，宿于狗舍,vi.进狗窝
kerchief,['kә:t∫if],n.方巾
kernel,['kә:nl],n.(硬壳果)仁，(去壳的)麦粒，谷粒，(事物、问题的)核心，要点，精髓，内核
kidnap,['kidnæp],vt.诱拐(小孩)，绑架，勒赎
kidney,['kidni],n.肾，(动物可食用的)腰子，个性，性格
kilometer,['kilәmi:tә],n.[物]千米，公里
kilometre,[`kilәumi:tә(r)],n.公里
knack,[næk],n.诀窍
knead,[ni:d],vt.揉(面等)成团，捏制(面包、陶器等)，按摩，捏制
knighthood,['naithud],n.骑士(或爵士)的地位、身份
knightly,['naitli],adj.骑士般的，勇武的，侠义的
knuckle,['nΛkl],n.指节，关节
kodak,['kәudæk],[Kodak ][美]柯达(柯达公司的照相机和照相材料的商标名),用手提照相机拍 (照片)
laborious,[lә'bo:riәs],adj.(指工作)艰苦的，费力的，(指人)勤劳的
Labrador,['læbrәdo:],n. 拉布拉多猎狗
labyrinth,['læbәrinθ],n.迷路，迷宫，难解的事物
lacking,['lækiŋ],adj.缺乏的，不足的
lagoon,[lә'gu:n],n.泻湖,礁湖
lair,[lєә],n.窝
lamentable,['læmәntәbl],adj.不快的
landing,['lændiŋ],n.登陆，着陆，码头，楼梯平台，降落
landmark,['lændmα:k],n.(航海)陆标，地界标，里程碑，划时代的事
landowner,['lændәunә(r)],n.地主，土地所有者
languid,['læŋgwid],adj.疲倦的，无力的，没精打采的
latent,['leitәnt],adj.潜在的，潜伏的，隐藏的,n.隐约的指印
lateral,['lætәrәl],n.侧部，支线，边音,adj.横(向)的，侧面的
lavishly,[],adv.浪费地，丰富地
lazily,[`leizili],adv.懒洋洋地
lea,[li:],n.草地
leaven,['levәn],n.酵素，酵母，潜移默化的影响,vt.使发酵，影响
Lebanon,['lebәnәn],n.黎巴嫩(西南亚国家)
lecturer,['lekt∫әrә],n.演讲者，讲师
leech,[li:t∫],n.水蛭，吸血鬼，榨取他人利益的人,vt.(为治疗)以水蛭吸血,vi.依附并榨取他人
legacy,['legәsi],n.遗赠(物)，遗产(祖先传下来)
legally,[],adv.法律上，合法地
legislator,['ledӡis˛leitә],n.立法者
lengthwise,[],adj.<美>=lengthways
Leo,['li(:)әu],n.狮子(用于儿童故事寓言等)，[天文]狮子座
levee,['levi],n.防洪堤，码头，大堤,v.筑防洪堤于
lever,['li:vә; 'levә],n.杆，杠杆，控制杆,v.抬起
lewd,[lu:d],adj.淫荡的，猥亵的，下流的
librarian,[lai'brєәriәn],n.图书馆员，图书管理员
liege,[li:dӡ],n.君主，臣民，列日,adj.君主的，臣民的，君臣关系的
lifelong,['laifloŋ],adj.终身的，毕生的
likelihood,['laiklihud],n.可能，可能性
liken,['laikәn],vt.把...比作
liking,['laikiŋ],n.爱好，嗜好
lilac,['lailәk],n.[植]丁香(尤指西洋丁花)紫丁香，丁香花，淡紫色,adj.淡紫色的
linden,['lindәn],n.菩提树
liner,['lainә],n.<美>班机，划线者，衬垫
linoleum,[li'nәuljәm],n.油布，油毯
linseed,['linsi:d],n.亚麻子，亚麻仁
lipstick,['lipstik],n.<美> 口红，唇膏
lisp,[lisp],v.咬着舌儿说,n.口齿不清
lithe,[laið],adj.(指人、身体)柔软的，易弯的
loathsome,['lәuðsәm; lәuθ-],adj.讨厌的
loiter,['loitә],v.闲荡，虚度，徘徊
longitude,['londӡitju:d],n.经度，经线
loophole,['lu:phәul],n.枪眼，望孔，射弹孔
loot,[lu:t],v.掠夺，抢劫，劫掠,n.掠夺物，战利品，抢劫
lordly,['lo:dli],adj.贵族的，有贵族特点的,adv.贵族般地，有气派地
lore,[lo:; loә],n.学问，知识，（动物的）眼光知识
lorry,['lori],n.<古>卡车，铁路货车
Los Angeles,[los'ændӡәlәs],n.洛杉矶(美国城市)
lottery,['lotәri],n.抽彩给奖法
lovable,['lΛvәb(ә)l],adj.可爱的，惹人爱的
lowly,['lәuli],adj.地位低的，卑贱的，谦逊的,adv.位置低下的，低声地，谦逊地
lullaby,['lΛlәbai],n.催眠曲，摇篮曲，轻柔的声音,v.唱催眠曲使入睡
lunatic,['lju:nәtik],adj.精神错乱的，疯狂的，极端愚蠢的,n.疯子，狂人，大傻瓜，疯人
luscious,['lΛ∫әs],adj.甘美的
lute,[lju:t],n.琵琶
luxuriant,[lΛg'zjuәriәnt],adj.丰产的，丰富的，肥沃的，奢华的
lynch,[lint∫],n.私刑，诽谤,vt.处以私刑，诽谤，中伤
lyric,['lirik],n.抒情诗，歌词,adj.(供)吟唱的，抒情的
mace,[meis],n.钉头，权杖，肉豆蔻，肉豆蔻树，豆蔻香料，催泪瓦斯，肉豆蔻皮
madden,['mædn],v.发狂
mademoiselle,[˛mædәmә'zel],[法] (pl.mademoiselles，mesdemoiselles )小姐(相当于英语Miss ，单数略为Mlle，复数略为Mlles), [英]法国女(家庭)教师
madman,['mædmәn],n.疯子，精神病患者
Madonna,[mә'donә],n.圣母玛利亚，圣母像
madras,[`mædrәs;mә`drα:s;-`dræs],n.马德拉斯布(一种薄棉布)，一种结实耐用的丝绸
Madrid,[mә'drid],n.马德里(西班牙首都)
maggot,['mægәt],n.空想，蛆
magical,['mædӡikәl],adj.不可思议的
magnesium,[mæg'ni:zjәm],n.[化]镁
magnetism,['mægnitizәm],n.磁，磁力，吸引力，磁学
maim,[meim],vt.使残废，使不能工作
maize,[meiz],n.玉米，黄色,adj.玉米色的，黄色的
malady,['mælәdi],n.疾病
malaria,[mә'lєәriә],n.疟疾，瘴气
Malay,[mә'lei],adj.马来西亚的,n.马来人，马来语
malicious,[mә'li∫әs],adj.怀恶意的，恶毒的
malignant,[mә'lignәnt],adj.恶性的
mallet,['mælit],n.槌棒
malt,[mo:lt],n.麦芽
mammal,['mæmәl],n.哺乳动物
mammoth,['mæmәθ],n.[古生]猛犸，毛象，庞然大物,adj.长毛象似的，巨大的
mandate,['mændeit],n.(书面)命令，训令，要求，(前国际联盟的)委任托管权,vt.委任统治
mandible,['mændibl],n.下颚，下颚骨
mangle,['mæŋgl],vt.乱砍，撕裂，破坏，毁损，损坏，轧布,n.(洗衣用的)轧干机，熨平机
manifestation,[˛mænifes'tei∫әn],n.显示，表现，示威运动
manifestly,[],adv.明白地
manoeuvre,[mә'nu:vә],n.[亦作maneuvre] 策略，调动,v.用策略，调动，演习，(敏捷地)操纵
mantel,['mæntl],n.壁炉架
marigold,['mærigәuld],n.[植]万寿菊，金盏草
maritime,['mæritaim],adj.海上的，海事的，海运的，海员的
market place,[],n. 1.市场；集市场所 2.市面
marrow,['mærәu],n.髓，骨髓，精华，活力，<苏格兰>配偶
mart,[mα:t],n.<书>商业中心，市场
martyrdom,['mα:tәdәm],n.牺牲，殉难，受苦
masonry,['meisnri],n.石工术，石匠职业
masquerade,[˛mæskә'reid; mα:s-],n.化妆舞会,v.化装
massy,['mæsi],adj.巨大的，厚重的
mastery,['mα:stәri],n.掌握
mathematical,[˛mæθi'mætikәl],adj.数学的，精确的
matter-of-fact,[˛mætәrәv'fækt],adj.实质的，事务性的，平常的
mayonnaise,[˛meiә'neiz],n.蛋黄酱
maze,[meiz],n.曲径，迷宫，迷津，迷惘，迷惑，糊涂,vt.使迷惘，使混乱，迷失
Mecca,['mekә],(=Makkah，Mekka)麦加(沙特阿拉伯西部，穆罕默德诞生地，伊斯兰教第一圣地)
mechanically,[mi'kænikәli],adv 机械地
medusa,[mi'dju:zә],n.[动]水母，水母体
meekness,[],n.温顺，柔和
memoir,['memwα:],n.论文集
memorandum,[˛memә'rændәm],n.备忘录，便笺，便函，买卖契约书
memorize,['memәraiz],v.[亦作memorise] 记住，记忆
mercenary,['mә:sinәri],adj.唯利是图的
merciful,['mә:siful],adj.仁慈的，慈悲的
merciless,['mә:silis],adj.无慈悲心的，残忍的
merge,[mә:dӡ],v.合并，并入，结合，吞没，融合
meridian,[mә'ridiәn],n.子午线，正午，顶点，全盛时期,adj.子午线的，正午的，顶点的，全盛时期的
metamorphosis,[˛metә'mo:fәsis],n.变形
Miami,[mai`æmi],n.迈阿密(美国佛罗里州达东南部港市)
mica,['maikә],n.[矿]云母
microphone,['maikrәfәun],n.扩音器，麦克风
microscopic,[maikrә'skopik],adj.用显微镜可见的，精微的
middle-aged,[`midl`eidӡd],adj.中年的，具有中年人特点的
middle-class,[`midl`klα:s; -`klæs],adj.中层社会的，中产阶级的
mien,[mi:n],n.风度
milkmaid,['milkmeid],n.挤奶的妇女，在酪农场工作的女性
milky,['milki],adj.牛奶的，乳状的，乳白色的
millstone,['milstәun],n.磨，磨石，粉碎器，重担
minded,['maindid],adj.有...思想的
minimize,['minimaiz],vt.将...减到最少,v.最小化
mink,[miŋk],n.[动]貂(尤指水貂)，貂皮衣
miraculous,[mi'rækjulәs],adj.奇迹的，不可思议的
miser,['maizә],n.守财奴，吝啬鬼，(石油工程上用的)凿井机
miserably,['mizәrәbli],adv.悲惨
misgiving,[mis'giviŋ],疑惧，疑虑
mishap,['mishæp; mis'hæp],n.灾祸
mistrust,['mis'trΛst],n.不信任，猜疑,v.不信任，猜疑
misunderstand,['misΛndә'stænd],vt.误解，误会
misunderstanding,[misΛndә'stændiŋ],n.误会，误解
misuse,['mis'ju:z],v.误用，错用，滥用，虐待,n.误用，错用，滥用，误用之实例
moccasin,['mokәsin],n.鹿皮鞋，软拖鞋
mockery,['mokәri],n.嘲笑
modestly,[],adv.谨慎地，适当地
molest,[mәu'lest],vt.骚乱，困扰，调戏
monetary,['mΛnitәri],adj.货币的，金钱的
monotony,[mә'notәni],n.单音，单调，千篇一律
monte,['monti],n.始于西班牙的纸牌赌博游戏
monumental,[˛monju'mentl],adj.纪念碑的，纪念物的，不朽的，非常的
moonlit,['mu:nlit],adj.月光照耀的
mop,[mop],n.拖把(俗称地拖)，洗碗,v.用拖把拖洗，擦，抹，扫荡
mortify,['mo:tifai],vt.克服，苦修，使苦恼,vi.制欲，苦行，坏死
mossy,['mosi],adj.生苔的，青苔状的，古老的
motion picture,[],n.电影
mourner,['mo:nә],n.悲伤者，哀悼者，忏悔者
moveable,['mu:vәbl],n.可移动的东西,adj.可移动的，活动的
muck,[mΛk],n.粪肥，垃圾，肥料,vt.施肥，弄脏，捣乱，搞坏,vi.鬼混
muff,[mΛf],adj.皮手笼，保温的，笨拙的人，接球失败,v.弄糟，漏接(球)，失败
mug,[mΛg],n.杯子
mulberry,['mΛlbәri],n.桑树，桑葚，深紫红色
multiplication,[˛mΛltipli'kei∫әn],n.[数]乘法，增加，(动，植的)繁殖，增殖
mummy,['mΛmi],n.[小儿语] 妈咪，[口头语] 妈妈，木乃伊，干瘪的人
munch,[mΛnt∫],v.用力咀嚼，大声咀嚼
Munich,['mju:nik],n.慕尼黑(德国城市，巴伐利亚州首府)
municipality,[mju:˛nisi'pæliti],n.市政当局，自治市
myrtle,['mә:tl],n.[植]桃金娘科植物
mystic,['mistik],adj.神秘的，神秘主义的,n.神秘家，神秘主义的鼓吹者
nag,[næg],n.老马，驽马，劣等竞赛马，(作坐骑的)矮小马，唠叨,v.不断地唠叨，恼人
nameless,['neimlis],adj.无名的，不知名的，匿名的，不可名状的，难以形容的
narcotic,[nα:'kotik],n.麻醉药，致幻毒品，镇静剂,adj.麻醉的，催眠的
narrowly,['nærәuli],adv.勉强地，精细地
navigable,['nævigәbl],adj.适于航行的
needy,['ni:di],adj.贫困的，非常贫穷的，缺乏生活必需品的
nestle,['nesl],vi.舒适地坐定，偎依,vt.抱，安置
nether,['neðә],adj.下面的，下层社会的
nettle,['netl],n.荨麻
New Jersey,[nju: 'dӡә:zi],n.新泽西州(美国大西洋沿岸)
Newfoundland,[˛nju:fәnd'lænd],纽芬兰(岛)(加拿大一省)
niche,[nit∫],n.小生境
nick,[nik],n.刻痕，缺口,vt.刻痕于，挑毛病,vi.阻击
nickname,['nikneim],n.诨号，绰号，昵称,vt.给...取绰号，给...起浑名
nightfall,['naitfo:l],n.黄昏
Noah,['nәuә],n.诺亚
nobly,['nәubli],adv.高贵地，豪爽地，崇高地
noontide,['nu:ntaid],n.正午，白昼
normally,['no:mәli],adv.正常地，通常地
northeastern,[˛no:θ`i:stәn],adj.东北方的，来自东北的
notably,['nәutbәli],adv.显著地，特别地
noticeably,[],adv.引人注目地，显著地
novice,['novis],n.新手，初学者
numb,[nΛm],adj.麻木的,v.失去知觉
numberless,['nΛmbәlis],adj.无数的，无号码的
numbness,[],n.麻木，麻痹
nuptial,['nΛp∫әl],n.婚礼,adj.婚姻的，婚礼的
nutrition,[nju:'tri∫әn],n.营养，营养学
oasis,[әu'eisis],n.(沙漠中)绿洲，舒适的地方
oatmeal,['әutmi:l],n.(燕)麦片，(燕)麦粥
oblique,[ә'bli:k],adj.倾斜的，间接的，不坦率的，无诚意的
oblivion,[ә'bliviәn],n.遗忘，湮没，赦免
observatory,[әb'zә:vәtәri],adj.天文台，气象台
obstinacy,['obstinәsi],n.固执
obstruct,[әb'strΛkt],v.阻隔，阻塞，遮断(道路、通道等),n.阻碍物，障碍物
obstruction,[әb'strΛk∫әn],n.阻塞，妨碍，障碍物
offset,['o:fset],n.偏移量，抵销，弥补，分支，平版印刷，胶印,vt.弥补，抵销，用平版印刷,vi.偏移，形成分支
oftentimes,[`ofәntaimz],adv.时常地
ointment,['ointmәnt],n.药膏，油膏
Olympus,[әu'limpәs],n.奥林匹斯山，天堂
omen,['әumen],n.预兆，征兆,vt.预示，有...的前兆
omission,[әu'mi∫әn],n.冗长
Ontario,[on'tєәriәu],安大略湖[北美洲中东部](美国和加拿大共有的湖)
oppressive,[ә'presiv],adj.压制性的，压迫的，沉重的，难以忍受的
oration,[ә'rei∫әn],n.演说，致辞，叙述法,[语]引语
oratory,['orәtәri],n.讲演术
ordeal,[o:'di:l; -'di:әl],n.严酷的考验，痛苦的经验，折磨
organist,['o:gәnist],n.风琴弹奏者
orgy,['o:dӡi],(=orgy ) n.纵酒狂欢，放荡
orifice,['orifis],n.孔，口
originality,[˛әridӡi'næliti],n.创意，新奇
Orion,[ә'raiәn],n.Diana 所爱的猎人，[天]猎户星座
orthodox,['o:θәdoks],adj.正统的，传统的，习惯的，保守的，东正教的
ostrich,[' ostrit∫],n.鸵鸟，鸵鸟般的人
outburst,['autbә:st],n.(火山、感情等)爆发、喷出，突发，破裂
outlay,['autlei],n.费用
outrageous,[aut'reidӡәs],adj.蛮横的，残暴的，无耻的，可恶的，令人不可容忍的
outrun,[aut'rΛn],vt.超过，逃脱
outskirts,['autskә:ts],n.边界，(尤指)市郊
outstretched,['autstret∫t],adj.伸出的，伸展的
oval,['әuvәl],adj.卵形的，椭圆的,n.卵形，椭圆形
ovary,['әuvәri],n.(生物)卵巢，(植物)子房
overhang,['әuvә'hæŋ],v.悬于...之上，悬垂
overland,['әuvәlænd],adj.陆路的，经过陆地的，陆上的,adv.陆上，通过陆路
overseas,['әuvә'si:z],adv.海外,adj.外国的，海外的
overshadow,[˛әuvә'∫ædәu],v.遮蔽，使...失色
overthrew,[],vbl.overthrow的过去式
overwork,['әuvә'wә:k],n.过度操劳，过度工作,v.(使)工作过度
oxide,['oksaid],n.[化]氧化物
packer,['pækә],n.包装工人，打包机，包装食品生产厂(或厂主)
pact,[pækt],n.合同，公约，协定
pajamas,[pә'dӡα:mәz],n.睡衣，宽长裤
pall,[po:l],n.棺罩，幕，遮盖物,vi.走味,vt.覆盖，使平淡无味，使生厌，感到腻烦
palmer,['pα:mә],n.朝圣者，游方僧，[昆](＝palmerworm)毛虫(尤指北美的小舌麦蛾幼虫)
Pandora,[pæn'do:rә],n.[希神]潘多拉(火神用粘土做成的地上的第一个女人)
panther,['pænθә],n.豹，黑豹
papal,['peipl],adj.罗马教皇的，教皇制度的
paprika,['pæprikә; (?@) pә'pri:kә],n.红辣椒，辣椒粉
par,[pα:],n.同等，(股票等)票面价值,adj.票面的，平价的，平均的，标准的
parachute,['pærә∫u:t],n.降落伞
paralysis,[pә'rælisis],n.瘫痪，麻痹
paramount,['pærәmaunt],adj.极为重要的
parasite,['pærәsait],n.寄生虫，食客
pare,[pєә],vt.剥，削，修，削减，消灭
parliamentary,[˛pα:lә'mentәri],adj.议会的
participation,[pα:˛tisi'pei∫әn],n.分享，参与
passageway,['pæsidӡwei],n.过道，出入口
paternal,[pә'tә:nl],adj.父亲的，象父亲的
patrician,[pә'tri∫әn],n.贵族,adj.贵族的
patronize,['pætrәnaiz],v.资助
patty,['pæti],n.小馅饼，<美>肉饼
pawn,[po:n],n.典当，抵押物，人质，(象棋)兵、卒，爪牙，被人利用的人,vt.当掉，以...担保
pedestrian,[pe'destriәn],n.步行者,adj.徒步的，呆板的，通俗的
peerless,['piәlis],adj.出类拔萃的，无可匹敌的
pelt,[pelt],n.投掷，疾行，毛皮,vt.剥...的皮，投掷，投击，(雨、雪等)急降，攻击,vi.投击，猛落
penance,['penәns],n.[天主教]忏悔，苦修,vt.使...以苦行赎罪
pending,['pendiŋ],adj.未决的
pendulum,['pendjulәm],n.钟摆，摇锤
penitent,['penitәnt],adj.悔过的,n.悔罪者
pensive,['pensiv],adj.沉思的
perceptible,[pә'septәbl],adj.可察觉的，显而易见的，感觉得到的
perennial,[pә'renjәl],adj.四季不断的，终年的，长期的，永久的，(植物)多年生的
performer,[pә'fo:mә(r)],n.表演者
pernicious,[pә:'ni∫әs],adj.有害的
perseverance,[˛pә:si'viәrәns],n.坚定不移
personnel,[˛pә:sә'nel],n.人员，职员
perspective,[pә'spektiv],n.透视画法，透视图，远景，前途，观点，看法，观点，观察
persuasive,[pә'sweisiv],n.说服者，劝诱,adj.善说服的
pertain,[pә(:)'tein],v.适合，属于
pervade,[pә(:)'veid],v.遍及
pestilence,['pestilәns],n.瘟疫
petal,['petl],n.花瓣
pew,[pju:],n.教堂内的靠背长凳,vt.排座位
phantom,['fæntәm],n.幻影
phenomena,[fi'nominә],n.现象
Philistine,['filistain],n.(中东古国)腓力斯人，仇敌，俗气的人,adj.非利士的，俗气的，无教养的
philosophical,[˛filә'sofikәl],adj.哲学的
Phoebus,['fi:bәs],n.日神，太阳
phosphate,['fosfeit],n.磷酸盐
phosphoric,[fos'forik],adj.[化]磷的(尤指含五价磷的)，含磷的
photographic,[fәutә'græfik],adj.照相的
piazza,[pi'ætsә],n.广场，走廊，露天市场
picket,['pikit],n.支柱，警戒哨,v.放哨
piercing,['piәsiŋ],adj.刺骨的，刺穿的
piety,['paiәti],n.虔诚，孝行
pigment,['pigmәnt],n.[生]色素，颜料
pike,[paik],n.矛，长枪，梭子鱼,vt.用矛刺穿
pinion,['pinjәn],n.小齿轮
pinnacle,['pinәkl],n.小尖塔，山顶，顶点,vt.造小尖塔，把...放在极高处
pique,[pi:k],n.不满，生气，愤怒,vt.伤害...自尊心，使...生气
pistil,['pistil],n.[植]雌蕊
piston,['pistәn],n.[机]活塞，瓣
piteously,[],adv.可怜地，慈悲地
pitiless,['pitilis],adj.无情的
pivot,['pivәt],n.枢轴，支点，(讨论的)中心点，重点,adj.枢轴的,vi.在枢轴上转动,vt.装枢轴于
plaid,[plæd],n.格子花呢披肩，格子花呢
plaintive,['pleintiv],adj.悲哀的，哀伤的
platinum,['plætinәm],n.白金，铂
playful,['pleiful],adj.好玩的，嬉戏的，十分有趣的，顽皮的
playwright,['pleirait],n.剧作家
plod,[plod],n.沉重的脚步,vi.沉重地走，辛勤工作,vt.沉重缓慢地走
ploughman,[`plaumәn],n.农夫，犁田者
plumage,['plu:midӡ],n.鸟类羽毛，翅膀
pneumonia,[nju(:)'mәunjә],n.[医] 肺炎
pocketbook,['pokit˛buk],n.笔记本，钱袋，皮夹，经济来源
poetic,[pәu'etik],adj.诗歌的
poetical,[pәu'etikәl],adj.诗的，理想化的
poker,['pәukә],n.拨火棍，(用棍)戳的人，纸牌戏,vt.烙制
politeness,[],n.有礼，优雅
pollen,['polin],n.花粉,vt.传授花粉给
pollute,[pә'lu:t; -'lju:t],vt.弄脏，污染
polo,['pәulәu],n.马球，水球
Pompey,['pompi],n.英国南部的军港
ponderous,['pondәrәs],adj.沉重的，笨重的，冗长的，沉闷的，(指问题等)呆板的
poppy,['popi],n.[植]罂粟，深红色
populace,['popjulәs],n.平民
populous,['popjulәs],adj.人口多的，人口稠密的
portable,['po:tәbl],adj.轻便的，手提(式)的，便携式的
portray,[po:'trei],v.描绘
poster,['pәustә],n.海报，招贴，(布告，标语，海报等的)张贴者
postscript,['pәustskript; 'pәuskript],n.附言，后记
posture,['post∫ә],n.(身体的)姿势，体态，状态，情况，心境，态度,v.令取某种姿势，摆姿势，作出姿态
potentate,['pәutәnteit],n.当权者
pottery,['potәri],n.陶器，陶器场
pounce,[pauns],v.突袭,n.突袭
powerless,['pauәlis],adj.无能力的
practicable,['præktikәbl],adj.能实行的，行得通的，可以实行的
practiced,['præktist],adj.熟练的，老练的
prance,[prα:ns],n.(马)后足立地腾跃，昂首阔步,vi.腾跃，欢跃，昂首阔步,vt.使腾跃
prank,[præŋk],n.胡闹，开玩笑，恶作剧,vt.装饰，打扮,vi.打扮得漂亮
preaching,['pri:t∫iŋ],n.讲道，讲道法
pregnant,['pregnәnt],adj.怀孕的，重要的，富有意义的，孕育的
prehistoric,['pri:his'torik],adj.史前的，陈旧的
preoccupied,[pri:`okjupaid],adj.被先占的，全神贯注的
preparatory,[pri'pærәtәri],adj.预备的
preposterous,[pri'postәrәs],adj.荒谬的
prerogative,[pri'rogәtiv],n.特权
presumably,[pri'zju:mәbәli],adv.推测起来，大概
prevailing,[pri'veiliŋ],adj.占优势的，主要的，流行的
priceless,['praislis],adj.无价的，极贵重的
principality,[˛prinsi'pæliti],n.公国，侯国
prism,[' prizәm],n.[物]棱镜，[数]棱柱
privately,[],adv.私下地，秘密地
privileged,['privilidӡd],adj.有特权的，有特别恩典的
privy,['privi],adj.个人的,n.有利害关系的人
pro,[prәu],adv.正面地
prodigal,['prodigәl],adj.浪费的,n.浪子
profile,['prәufail],n.剖面，侧面，外形，轮廓
profiteer,[˛profi'tiә],n.奸商
projection,[prә'dӡek∫әn],n.发射
prologue,['prәulog],n.序言
Prometheus,[prә'miθju:s],n.[希神]普罗米修斯(造福于人类的神)
promoter,[prә'mәutә],n.促进者，助长者
propel,[prә'pel],vt.推进，驱使
prophetic,[prә'fetik],adj.预言的
propriety,[prә'praiәti],n.适当
prosecution,[˛prosi'kju:∫әn],n.进行，经营，检举，起诉
prospector,[pro'spektә(r)],n.探勘者，采矿者
protein,['prәuti:n],n.[生化]蛋白质,adj.蛋白质的
protoplasm,['prәutәplæzәm],n.[生]原生质
protrude,[prә'tru:d],v.突出
provocation,[provә'kei∫әn],n.激怒，刺激，挑衅，挑拨
prow,[prau],n.船首，舰首,adj.勇敢的
psyche,['psaiki(:)],n. 1.心智 2.灵魂；精神
psychologist,[psai`kolәdӡist],n.心理学者
publicly,['pΛblikli],adv.公然地，舆论上
pupa,['pju:pә],n.[昆]蛹
puppet,['pΛpit],n.傀儡，木偶
purchaser,['pә:t∫әsә],n.买方，购买者
purify,['pjuәrifai],vt.使纯净,v.净化
purport,['pә:pәt; -po:t],n.主旨,v.声称
purr,[pә:],v.咕噜咕噜叫，发出喉音,n.咕噜咕噜声
pursuer,[pә`sju:ә(r)],n.追随者，追求者，研究者
puss,[pus],n.猫，小姑娘，少女,n.脸，(尤指撅起的)嘴
Quaker,['kweikә],n.教友派信徒，贵格会会员
quell,[kwel],v.镇压
questionable,['kwest∫әnәb(ә)l],adj.可疑的
racketeer,[˛ræki'tiә],n.敲诈者，获取不正当钱财的人,v.诈骗钱财
radius,['reidjәs],n.半径，范围，辐射光线，有效航程，范围，界限
raindrop,['reindrop],n.雨滴，雨点
rampart,['ræmpα:t],n.垒，壁垒，城墙,vt.用壁垒围绕，防卫
rapt,[ræpt],adj.全神贯注的
ratification,[˛rætifi'kei∫әn],n.批准
raven,['reivәn],n.大乌鸦，掠夺,adj.乌黑的,v.掠夺，狼吞虎咽
react,[ri'ækt],vi.起反应，起作用，反抗，起反作用
reactionary,[ri(:)'æk∫әnәri],adj.反作用的，反动的,n.反动分子
rebellious,[ri'beljәs],adj.造反的，反叛的，反抗的，难于对付的
rebuff,[ri'bΛf],n.回绝,v.回绝
recede,[ri'si:d],v.后退
receptacle,[ri'septәkl],n.容器，[植]花托，[电工]插座
recital,[ri'saitl],n.朗诵，背诵，叙述，独奏会，独唱会
reckoning,['rekәniŋ],n.计算，帐单，算帐，结帐，清算，估计
recline,[ri'klain],v.放置
recoil,[ri'koil],n.畏缩，后退，弹回，反作用，后座力,vi.退却，畏缩，弹回，撤退，反冲
reconciliation,[˛rekәnsili'ei∫әn],n.和解，调和，顺从
reconstruct,['ri:kәn'strΛkt],v.重建，改造，推想
recourse,[ri'ko:s],n.求援，求助，[商][律]追索权
rectangle,['rektæŋgl],n.长方形，矩形
rectangular,[rek'tæŋgjulә],adj.矩形的，成直角的
rector,['rektә],n.(美国主教派教会的)教区长，(某些学校，学院，大学的)校长，(修道院，宗教学校的)院长
recur,[ri'kә:],vi.复发，重现，再来
redden,['redn],v.变红
redress,[ri'dres],n.赔偿，救济，矫正,vt.纠正，矫正，赔偿，救济，重新穿衣，重新调整，重新敷裹
reenforcement,[],n.援助，增强
referenda,[˛refә`rendә],n.(referendum的复数)普通投票
referendum,[˛refә'rendәm],n.公民投票，(外交使节)请示书
reformer,[ri'fo:mә],n.改革家，改革运动者
refreshing,[ri'fre∫iŋ],adj.提神的，凉爽的，使人喜欢的
refugee,[˛refju(:)'dӡi:],n.难民，流亡者
regent,['ri:dӡәnt],n.摄政者，董事,adj.摄政的
registration,[˛redӡis'trei∫әn],n.注册，报到，登记
reiterate,[ri:'itәreit],vt.反复地说，重申，重做
relent,[ri'lent],vi.变宽厚，变温和
relentless,[ri'lentlis],adj.无情的
relinquish,[ri'liŋkwi∫],v.放弃
reluctance,[ri'lΛktәns],n.不愿，勉强
reminder,[ri'maindә],n.提醒的人，暗示
remit,[ri'mit],vt.宽恕，赦免，免除，缓和，推迟，汇出，传送，使复职,vi.缓和，汇款,n.移交的事物
remonstrate,[ri'monstreit],v.抗议
reorganization,[`ri:˛o:gәnai`zei∫әn],n.改组，改编，整编，重新组织
repast,[ri'pα:st],n.餐,vi.设宴，就餐
repentance,[ri'pentәns],n.后悔，悔改
replenish,[ri'pleni∫],v.补充
repress,[ri'pres],vt.<美>再压，补充加压,vi.压制
reproof,[ri'pru:f],n.谴责，非难
reprove,[ri'pru:v],v.责备
repute,[ri'pju:t],n.名誉，名声,v.名誉，认为，称为
resolutely,[],adv.毅然地，坚决地
respectful,[ris'pektful],adj.恭敬的，尊敬的，尊重人的，有礼貌的
respecting,[ris'pektiŋ],prep.关系，说到
respiration,[˛respi'rei∫әn],n.呼吸，呼吸作用
respite,['respait],n.暂缓,v.暂缓
resplendent,[ris'plendәnt],adj.辉煌的，灿烂的，光辉的，华丽的
restlessly,[],adv.不安地，慌张地
retard,[ri'tα:d],vt.延迟，使减速，阻止，妨碍，阻碍
retired,[ri'taiәd],adj.退役的,v.退休
reunion,[ri:'ju:njәn],n.团圆，重聚
revere,[ri'viә],v.尊敬，敬畏，崇敬
revert,[ri'vә:t],v.回复
revision,[ri'viӡәn],n.修订，修改，修正，修订本
rhetoric,['retәrik],adj.花言巧语的
rhinestone,['rainstәun],n.水晶之一种，人造钻石
richness,[],n.丰富，浓烈，富裕，富饶，华美
righteousness,[],n.正当，正义，正直
rightful,['raitful],adj.公正的
rigidly,[],adv.坚硬地，严格地
rigor,['rigә],n.严格，严厉，苛刻，严密，严酷，精确
ringed,[riŋd],adj.镶环(轮，圈)的，轮状的，被包围的
rinse,[rins],v.嗽口，(用清水)刷，冲洗掉，漂净,n.嗽洗，漂洗，漂清，冲洗
ritual,['ritjuәl],n.典礼，(宗教)仪式，礼节,adj.典礼的，(宗教)仪式的
rivalry,['raivәlri],n.竞争，竞赛，敌对，敌对状态
riverside,[`rivәsaid],n.河岸，河畔
rivet,['rivit],n.铆钉,v.固定
rivulet,['rivjulit],n.小河，小溪，溪流
roadster,['rәudstә],n.跑车，流浪者
roadway,['rәudwei],n.车行道，路面，(铁道的)路线
robust,[rә'bΛst],adj.精力充沛的
rocket,['rokit],n.火箭,v.飞速上升
roe,[rәu],n.[动](=roe deer)狍(分布于欧亚两洲)，(3岁以上的)雌鹿，(还在雌鱼卵巢中的)鱼卵，(充满精液的)雄鱼生殖腺，(木材纵剖面的)鱼卵形黑色斑纹
rook,[ruk],n.(象棋)车，赌棍，骗子,vt.欺骗
roost,[ru:st],n.栖木，栖息所，卧室,vi.栖息，安歇,vt.使栖息
rosebud,['rәuzbΛd],n.蔷薇花蕾，妙龄少女，<美>初入社交界的少女
rotary,['rәutәri],adj.旋转的
rotate,[rәu'teit],v.(使)旋转
roundabout,['raundәbaut],adj.迂回的，转弯抹角的,n.道路交叉处的环形路，迂回路线，兜圈子的话
royalist,['roiәlist],n.保皇主义者，保皇党人,adj.保皇主义者的，保皇党人的
rudder,['rΛdә],n.舵，方向舵
rudely,[],adv.粗暴地，无礼地
ruffian,['rΛfjәn; -fiәn],n.流氓，恶棍，无赖,adj.凶恶的，残暴的，无法无天的
rump,[rΛmp],n.尾部，臀部，残余
runaway,['rΛnәwei],n.逃跑，逃跑者，巨大的胜利，失控的车(或核子反应堆系统),adj.逃亡的，逃走的
ruthless,['ru:θlis],adj.无情的，残忍的
saber,['seibә],n.马刀，骑兵，骑兵队,vt.用马刀砍或杀
sag,[sæg],v.松弛，下陷，下垂，(物价)下跌，漂流,n.下垂，下陷，物价下跌，随风漂流，垂度
sagacity,[sә'gæsiti],n.睿智，聪敏
saith,[seθ],vbl.<古> say 的第三人称，单数
salon,['sælo:ŋ],n.沙龙
salutation,[sælju(:)'tei∫әn],n.招呼
sanctity,['sæŋktiti],n.圣洁
sandal,['sændl],n.凉鞋，檀香，便鞋,v.穿上便鞋
sanguine,['sæŋgwin],adj.有望的，乐天的，面色红润的，血红色的，满怀希望的，指望的,n.血红色，红腊笔,vt.以血沾污，血染
sanitation,[sæni'tei∫әn],n.卫生，卫生设施
sapling,['sæpliŋ],n.树苗，小树
Saracen,['særәsn],n.撒拉逊人，阿拉伯人的古称
satellite,['sætәlait],n.人造卫星
satisfactorily,[sætis'fæktәrili],adv.满意地
saunter,['so:ntә],n.vi.闲逛，漫步
sawmill,['so:mil],n.锯木厂，锯木机
scald,[sko:ld],n.烫伤，烫洗,v.被热油烫伤手，以沸水或蒸气清洗，烫伤，烫洗
scallop,['skolәp],n.扇贝，干贝
scaly,['skeili],adj.有鳞的，劣等的
scornful,['sko:nful],adj.轻蔑的
scoundrel,['skaundrәl],n.无赖，恶棍,adj.卑鄙的
script,[skript],n.手稿，手迹，剧本，考生的笔试卷，原本
scroll,[skrәul],n.卷轴，卷形物，名册,v.(使)成卷形
scruple,['skru:pl],n.踌躇，犹豫，微量，吩，审慎,vi.踌躇，有顾忌，迟疑
scurry,['skΛri],vi.急赶，急跑，急转，以轻快而交替的步子走动,n.急赶，急跑，急转
scuttle,['skΛtl],n.天窗，舱室小孔，煤桶，急速逃走,vi.急促地跑，急忙撤退,vt.凿沉，毁坏，毁坏
scythe,[saið],n.长柄镰刀，镰(古兵器),vt.用镰割
seaman,['si:mәn],n.海员，水手，水兵
seaport,['si:po:t],n.海港，港口都市
seaward,['si:wәd],adj.朝海的，海那一边的,adv.向海，向海那一边
seaweed,['si:wi:d],n.海草，海藻
secondly,[],adv.第二，其次
sect,[sekt],n.宗派，教派，教士会，流派，部分，段
secular,['sekjulә],adj.长期的
securely,[si`kjuәli],adv.安心地，安全地
seedling,['si:dliŋ],n.秧苗，树苗
seethe,[si:ð],v.沸腾
segment,['segmәnt],n.段，节，片断,v.分割
self-control,['selfkәn'trәul],n.克己，自制
selfishness,[],n.自私自利
selfsame,['selfseim],adj.完全相同的，同一的
seminary,['seminәri],n.神学院，学校，学院，发源地
sensational,[sen'sei∫әnәl],adj.使人感动的，非常好的
sentry,['sentri],n.岗哨
sepulcher,['sepәlkә(r)],n.坟墓，埋葬所，宗教圣物储藏所,vt.埋，葬
serf,[sә:f],n.农奴，奴隶
serge,[sә:dӡ],n.[纺] 斜纹哔叽布料
seriousness,['siәriәsnis],n.严肃，认真
servitude,['sә:vitju:d],n.奴隶状态，惩役，地役权，使用权
sexual,['seksjuәl],adj.性的，性别的，[生]有性的
shapeless,['∫eiplis],adj.不成形的，无定形的
shaving,['∫eiviŋ],n.刮，修胡须，削，刨，刨花
sheaf,[∫i:f],n.捆，束，札,v.捆，束，札
shimmer,['∫imә],n.微光
shin,[∫i:n; ∫in],n.[解]胫骨,v.攀，爬
shocking,['∫okiŋ],adj.骇人听闻的，非常讨厌的，不正当的
shopkeeper,['∫opki:pә(r)],n.店主
shorn,[∫o:n],v.shear的过去分词
shortcoming,['∫o:tkΛmiŋ],n.缺点，短处
shortening,['∫o:tniŋ],n.缩针，简写
shrank,['∫ræŋk],vbl.shrink的过去式
shrilly,[`∫rili],adv.尖锐地，刺耳地
shrivel,['∫rivl],v.(使)起皱纹，(使)枯萎，(使)束手无策
shyly,[],adv.害羞地,胆怯地
sickle,['sikl],n.镰刀
sienna,[si'enә],n.(富铁)黄土(用作颜料)，赭色
silhouette,[˛silu(:)'et],n.侧面影象，轮廓
silky,['silki],adj.丝的，柔滑的
simmer,['simә],vt.慢煮,vi.煨，炖，内部混乱状态,n.将沸腾的状态，将沸腾的温度
simplify,['simplifai],vt.单一化，简单化
ski,[ski:; ∫i:],n.滑雪橇,vi.滑雪
slat,[slæt],n.板条，狭板,vt.用板条做或装备，打，猛投
sleeper,['sli:pә],n.睡眠，(火车等的)卧铺，枕木，冬眠动物
sleepily,[`sli:pili],adv.想睡地，困倦地
sleeping pill,[],n.安眠药片
sleepless,['sli:plis],adj.失眠的
sleet,[sli:t],n.冰雨，雨夹雪,vi.下雨雪，下冰雹
slogan,['slәugәn],n.口号，标语
sloth,[slәuθ],n.怠惰，懒惰
slug,[slΛg],n.[动]鼻涕虫，懒汉，子弹，金属小块,vi.偷懒，捕鼻涕虫,vt.插嵌片于
sluggish,['slΛgi∫],adj.行动迟缓的
slump,[slΛmp],n.消沉，衰退，(物价)暴跌,v.失败，消沉，(物价)暴跌，跌落
smallpox,['smo:lpoks],n.[医]天花
smear,[smiә],v.涂上，抹掉，涂污，诽谤，抹去,n.油迹，污点，涂片，釉，中伤
smitten,['smitn],v.smite的过去分词
smock,[smok],n.工作服
smoky,['smәuki],adj.冒烟的，烟状的，烟熏味的
smuggle,['smΛgl],n.走私，偷带,v.走私
snout,[snaut],n.猪嘴
snowshoe,['snәu∫u:],n.雪鞋,vi.穿雪鞋走路
snowstorm,['snәusto:m],n.暴风雪
socialism,['sәu∫әlizәm],n.社会主义，社会主义运动
socially,[`sәu∫әli],adv.在社交方面，善于交际地，在社会地位上，在全社会中
socket,['sokit],n.窝，穴，孔，插座，牙糟,v.给...配插座
Socrates,['sokrәti:z],n.苏格拉底(469-399BC，古希腊哲学家)
softness,['softnis],n.柔和，温柔
solace,['solәs],n.安慰,v.安慰
solemnity,[sә'lemniti],n.严肃，一本正经
solicitor,[sә'lisitә],n.律师，法律顾问
soluble,['soljubl],adj.可溶的，可溶解的
sorely,['so:li],adv.强烈地，疼痛地，非常
southwestern,[sauθ'westәn],adj.西南的，来自西南的
spangle,['spæŋgl],n.亮晶晶的小东西,v.(使)闪烁
spar,[spα:],n.晶石，园材(如桅，桁等)，争论，争吵
spat,[spæt],n.[动] 蚝卵，口角，掌击,vi.一巴掌打去，争吵
spawn,[spo:n],n.(鱼等的)卵，(植物)菌丝，产物,v.产卵
speaking,['spi:kiŋ],n.谈话，演讲,adj.讲话的，适于说的，象要开口似的
specification,[˛spesifi'kei∫әn],n.详述，规格，说明书，规范
specify,['spesifai],vt.指定，详细说明，列入清单
specter,['spektә],n.幽灵，妖怪，缭绕心头的恐惧（或忧虑等）
spectrum,['spektrәm],n.光，光谱，型谱,频谱
speculate,['spekju˛leit],vi.推测，思索，做投机买卖
speculative,['spekjulәtiv; -leit-],adj.投机的
speculator,['spekjuleitә],n.投机者
spencer,['spensә],n.紧身短上衣，前桅，纵帆
spike,[spaik],n.穗，长钉，钉鞋，女高跟鞋，道钉,v.用大钉钉，用长而尖之物刺，阻止，穿刺
spinal,['spainl],adj.脊骨的，脊髓的,n.脊椎麻醉
splendidly,[],adv.壮观地，华丽地
spokesman,['spәuksmәn],n.发言人，代表者
sponsor,['sponsә],n.发起人，主办者，保证人，主办人,vt.发起，主办,v.赞助
spontaneous,[spon'teinjәs; -niәs],adj.自发的，自然产生的
spouse,[spauz],n.配偶(指夫或妻)
sprawl,[spro:l],n.四肢伸开的躺卧姿势，蔓生,v.四肢伸开地坐(或卧)，爬行，蔓生，蔓延
sprightly,['spraitli],adj.轻快的
sprite,[sprait],n.鬼怪，小妖精，调皮鬼
squall,[skwo:l],n.暴风，暴风雪，嚎啕,vi.狂风吹袭，嚎啕，哇哇地叫嚷,vt.尖声叫着
squash,[skwo∫],n.南瓜，易压烂的物品，拥挤的人群，壁球,v.压扁，压制，镇压，挤进，挤压
squeal,[skwi:l],v.长声尖叫，告密，抱怨，激烈抗议,n.长而尖的声音
stagnant,['stægnәnt],adj.停滞的，迟钝的
staid,[steid],adj.沉静的
stamen,['steimen],n.雄蕊，雄性花蕊
starlight,['stα:lait],n.星星的闪光，星光
stave,[steiv],n.狭板，梯级，棍棒，诗句,vt.击穿，弄破，避开，压扁，延缓,vi.穿孔，破碎
steadfast,['stedfәst],adj.坚定的
stealthily,[],adv.暗地里，悄悄地
stepmother,['step˛mΛðә],n.继母
sterile,['sterail],adj.贫脊的，不育的，不结果的，消过毒的，毫无结果的
sticky,['stiki],adj.粘的，粘性的
stigma,['stigmә],n.污名，(植物)柱头，[动物] 气门，耻辱
stile,[stail],n.墙(或篱的)两侧的阶梯(供人畜通行用)
stink,[stiŋk],v.发出臭味
stockade,[sto'keid],n.栅栏，围起处,vt.用栅栏围住
stockholder,['stokhәuldә(r)],n.股东
stow,[stәu],v.装载
stratagem,['strætidӡәm],n.战略，计谋
strategy,['strætidӡi],n.策略，军略
stratum,['streitәm],n.[地] 地层，[生](组织的)层，社会阶层
streamer,['stri:mә],n.横幅，长旗，彩色纸带
stretcher,['stret∫ә],n.担架，延伸器
strew,[stru:],vt.散播，点缀，撒满
stub,[stΛb],n.树桩，残余，断株，烟蒂，用突了的笔，存根,adj.短而秃的vt.挖除断株，连根拔除，踩熄,adj.短而秃的
stubble,['stΛbl],n.断株，茬，短发
stubbornly,[],adv.倔强地，顽固地
stung,[stΛŋ],vbl.sting的过去式及过去分词
stupendous,[stju(:)'pendәs],adj.惊人的，巨大的
subsist,[sәb'sist],v.生存，存在，供养
subsistence,[sΛb'sistәns],n.生存，生活，留存
substantially,[sәb'stæn∫(ә)li],adv.充分地
subtlety,['sΛtlti],n.稀薄，微妙，精明
subtract,[sәb'trækt],v.(～ from)减去，减
suburban,[sә'bә:bәn],adj.郊外的，偏远的
sucker,['sΛkә],n.乳儿，吸管
suffocate,['sΛfәkeit],vt.使窒息，噎住，闷熄,vi.被闷死，窒息，受阻
suggestive,[sә'dӡestiv],adj.提示的，启发的，暗示的
suitcase,['sju:tkeis],n.手提箱，衣箱
sullenly,[],adv.不高兴地，阴沉地
sultry,['sΛltri],adj.闷热的，粗暴的，激烈的，放荡的
summarize,['sΛmәraiz],v.概述，总结，摘要而言
sumptuous,['sΛmptjuәs],adj.奢侈的，华丽的
sundown,['sΛndaun],n.日落，阔缘的女帽
sup,[sΛp],n.一口,vt.吸，进晚餐，体验,vi.吃晚饭，啜饮
superintend,[˛sju:pәrin'tend],v.主管，指挥，管理，监督
supervise,['sju:pәvaiz],v.监督，管理，指导
supervisor,['sju:pәvaizә],n.监督人，管理人，检查员，督学，主管人，[计](网络)超级用户
supplant,[sә'plα:nt],vt.排挤掉，代替
surf,[sә:f],n.海浪，拍岸浪,vi.作冲浪运动,vt.在激浪上驾(船)，在...冲浪
surmise,['sә:maiz],v.猜测,n.猜度
surname,['sә:neim],n.姓,v.用姓称呼
surprisingly,[],adv.令人惊讶地
survivor,[sә'vaivә],n.生还者，残存物
susceptible,[sә'septәbl],adj.易受影响的，易感动的，容许...的,n.(因缺乏免疫力而)易得病的人
suspense,[sәs'pens],n.焦虑，悬念，悬而不决
swarthy,['swo:ði],adj.黑黝黝的，浅黑的
Swede,[swi:d],n.瑞典人
swiftness,[],n.迅速，快
sycamore,['sikәmo:; -moә],n.小无花果树，枫树的一种
Sydney,['sidni],n.悉尼[雪梨](澳大利亚东南部港市，新南威尔士州首府)
syndicate,['sindikit],n.企业联合，[经]辛迪加，财团,v.联合成辛迪加
syndicator,[`sindikeitә(r)],n.辛迪加组织者[参加者，经营者]
Syrian,['siriәn],adj.叙利亚的,n.叙利亚人
syrup,['sirәp],n.糖浆，果汁
systematic,[˛sisti'mætik],adj.系统的，体系的
tabernacle,['tæbә(:)nækl],n.临时房屋，帐篷，身体，壁龛，礼拜堂，神龛,vt.使住于临时房屋,vi.给予住宿，暂居
taking,['teikiŋ],n.(用复数)营业收入，取得，捕获,adj.吸引人的，迷人的，可爱的，会传染的
talker,['to:kә],n.健谈者，空谈者，讲话的人
tallow,['tælәu],n.牛脂，动物脂,vt.涂脂油于
taproot,['tæpru:t],n.[植]主根，直根
tassel,['tæsl],n.穗，缨,vt.用缨装饰,vi.抽穗
taunt,[to:nt],n.辱骂，嘲弄,vt.嘲弄，奚落,adj.[海](桅杆)很高的
tawny,['to:ni],n.茶色,adj.茶色的
taxpayer,['tæks˛peiә],n.纳税人，所收租金只够支付地产税的建筑物
technique,[tek'ni:k],n.技术，技巧，方法，表演法，手法
ted,[ted],vt.翻晒
termination,[˛tә:mi'nei∫әn],n.终止
territorial,[˛teri'to:riәl],adj.领土的
Thames,[temz],n.泰晤士河(流经牛津，伦敦等)
therefor,[ðєә'fo:],adv.为此，因此
thereto,[ðєә'tu:],adv.另外，往那里，到那
thicken,['θikәn],v.(使)变厚，(使)变粗，(使)变浓
thimble,['θimbl],n.顶针，心环，嵌环，套管，支撑环
thinly,[],adv.稀疏地
tho,[ðәu],adv.(=though)可是，不过
thong,[θoŋ],n.皮带
thorny,['θo:ni],adj.多刺的，痛苦的
thoroughfare,['θΛrәfєә],n.通路，大道
thou,[θau],pro.你
thoughtless,['θo:tlis],adj.欠考虑的
thrall,['θro:l],n.奴隶，束缚，奴役,vt.使成为奴隶,adj.受奴役的
threescore,[],n.六十，六十岁
thrifty,['θrifti],adj.节约的
thud,[θΛd],n.砰击声，重击,vi.砰的一声掉下，轰的一声,vt.砰地击中
tidy,['taidi],n.椅子的背罩，装杂碎的容器,adj.整齐的，整洁的，精简的,vt.弄整齐，收拾，整理,vi.整理，收拾,adj.<口>可观的、相当大的
timely,['taimli],adj.及时的，适时的
timidly,[],adv.胆小地，羞怯地
tireless,['taiәlis],adj.不疲劳的
Tokyo,['tәukjәu],n.东京(日本首都)
tolerant,['tolәrәnt],adj.容忍的，宽恕的，有耐药力的
tonic,['tonik],adj.激励的，滋补的,n.滋补剂，滋补品
tonnage,['tΛnidӡ],n.登记吨位，排水量
toothpaste,['tu:θpeist],n.牙膏
Tory,['to:ri],n.保守党党员，保皇党人,adj.保守分子的
town hall,[],n.市政厅
trailer,['treilә],n.追踪者，拖车,vi.乘拖车式活动房屋旅行,vt.用拖车载运
trance,[trα:ns],n.恍惚，出神，着迷，[医]迷睡,vt.使恍惚，使发呆
tranquil,['træŋkwil],adj.安静的
transact,[træn'zækt; -'sækt],v.办理，交易，谈判，处理
transient,['trænziәnt],adj.短暂的，瞬时的,n.瞬时现象
transit,['trænsit],n.经过，通行，搬运，运输，运输线，转变,vt.横越，通过，经过,vi.通过,n.[天] 中天，经纬仪
transmission,[trænz'mi∫әn],n.播送，发射，传动，传送，传输，转播
transplant,[træns'plα:nt],v.移植，移种，移民，迁移,n.移植，被移植物，移居者
treble,['trebl],adj.三倍的，三重的，三层的，最高音部的,v.成三倍，使增加两倍，增为三倍
treetop,[],n.树稍
tremulous,['tremjulәs],adj.震颤的
trespass,['trespәs],n.过失，罪过，侵入,v.侵入
triangular,[trai'æŋgjulә],adj.三角形的，三人间的
tribune,['tribju:n],n.(古罗马)护民官，民众领袖，论坛，(赛马场的)看台，讲坛
trigger,['trigә],vt.引发，引起，触发,n.板机
trinity,['triniti],n.三位一体，三人一个组，三个一组的(物)
triple,['tripl],n.三倍数，三个一组,adj.三倍的,vt.三倍与,vi.增至三倍
triumphal,[trai'Λmfәl],adj.胜利的，凯旋的
troll,[trәul],vi.旋转，合唱中的轮唱，钓鱼,vt.使旋转，轮唱，放声高唱，钓,n.旋转，轮唱，钓鱼
trooper,['tru:pә(r)],n.骑兵，骑警，伞兵
truant,['tru:әnt],n.逃避者,adj.逃避
trusting,['trΛstiŋ],adj.信任的，信赖的
truthful,['tru:θful],adj.诚实的，说实话的
tuberculosis,[tju˛bә:kju'lәusis],n.肺结核
tumbler,['tΛmblә],n.打滚的人，翻筋斗者，杂技演员，(平底)大玻璃杯，一杯量
tunic,['tju:nik],n.束腰外衣
turban,['tә:bәn],n.穆斯林的头巾
turbaned,[],adj.戴头巾的，包着头巾的，[动]头帕海胆
Turk,[tә:k],n.土耳其人，土耳其马
Turkish,['tә:ki∫],n.土耳其语,adj.土耳其的，土耳其人的，土耳其语的，突厥诸语言的
turmoil,['tә:moil],n.骚动，混乱
turner,['tә:nә],n.车床工，体育协会会员
turpentine,['tә:pәntain],n.松节油，松脂,v.涂松节油，采松脂
twain,[twein],n.两，双，二，一对
twitter,['twitә],n.鸟鸣声，喋喋不休，慌张,vi.啭，鸟鸣，摆动,vt.嘁嘁喳喳地讲，抖动
tyre,['taiә],n.轮胎,vt.装轮胎于
unanimously,[],全体一致地，无异议地
unbearable,[Λn'bєәrәbl],adj.无法忍受的，承受不住的
unborn,['Λn'bo:n],adj.未来的
unbound,['Λn'baund],adj.已自由的，未装订的,vbl.unbind的过去式和过去分词
uncanny,[Λn'kæni],adj.离奇的
unchanged,['Λn't∫eindӡd],adj.无变化的，未改变的
unclean,['Λn'kli:n; Λn'klin],adj.不洁的，含糊不清的
uncouth,[Λn'ku:θ],adj.笨拙的，粗俗的，不舒适的
undergone,[˛Λndә`gon],vbl.undergo的过去分词
underlying,['Λndә'laiiŋ],adj.在下面的，根本的，潜在的，[商]优先的
undermine,[˛Λndә'main],v.破坏
underwear,['Λndәwєә],n.内衣裤
underworld,['Λndәwә:ld],n.黑社会
undesirable,['Λndi'zaiәrәbl],adj.不合需要的，不受欢迎的，令人不快的
undone,['Λn'dΛn],adj.未完成的，破灭的,vbl.undo的过去分词
uneasily,[˛Λn`i:zili],adv.不安地，担心地，不自在地，不稳定地
unfamiliar,['Λnfә'miljә],adj.新奇的，不熟悉的，没有经验的
unguarded,['Λn'gα:did],adj.没有防备的
uniformity,[˛ju:ni'fo:miti],n.同样，一式，一致，均匀
uniformly,['ju:nifo:mli],adv.一律地，均一地
unison,['ju:nizn;-sn],n.调和，和谐，一致，齐唱，齐奏,adj.[音]同度的，同音的
unlikely,[Λn'laikli],adj.未必的，不太可能的，靠不住的
unmistakable,['Λnmis'teikәbl],adj.明白的，不会弄错的
unmoved,['Λn'mu:vd],adj.无动于衷的
unobserved,['Λnәb'sә:vd],adj.没有观察到的，无人遵守的
unoccupied,['Λn'okjupaid],adj.没有人住的，无人占领的，空闭的，未占领的
unpopular,['Λn'popjulә],adj.不流行的，不受欢迎的
unprecedented,[Λn'presidәntid],adj.空前的
unprofitable,[Λn'profitәbl],adj.无利益的，不赚钱的，没有用的
unquestionably,[],adv.无疑地，无可非议地
unruly,[Λn'ru:li],adj.不受拘束的，不守规矩的，蛮横的，难驾驭的
unsatisfactory,['Λnsætis'fæktәri],adj.令人不满意的，不能解决问题的，不得人心的
unspeakable,[Λn'spi:kәbl],adj.无法形容的，不能以言语表达的，可怕的，坏透了的
untie,['Λn'tai],vt.解开，解放，解决,vi.松开，解开
untimely,[Λn'taimli],adj.不到时候的，不适时的，不合时宜的,adv.过早地，不合时宜地
untold,['Λn'tәuld],adj.未说过的，未透露的，数不清的
untouched,['Λn'tΛt∫t],adj.未触及的，未改变的，不受感动的，无与伦比的
untrue,['Λn'tru:],adj.不真实的，不正确的，不忠实的
unused,['Λn'ju:zd],adj.不习惯的，不用的，不使用的，从未用过的，积累的
unwelcome,[Λn'welkәm],adj.不受欢迎的，讨厌的
unwise,['Λn'waiz],adj.无智的，愚笨的，轻率的
upland,['Λplәnd],n.丘陵地，高地，丘阜,adj.高地的，山地的
uprising,['Λp'raiziŋ],n.起义，升起
uproot,[Λp'ru:t],vt.连根拔起，根除
urban,['ә:bәn],adj.城市的，市内的
urchin,['ә:t∫in],n.顽童，小孩，[动物]刺猥，[动物]海胆
usefulness,['ju:sfulnis],n.有用，有效性
usurp,[ju(:)'zә:p],v.篡夺，篡位，侵占
uttermost,['Λtәmәust; -mәst],n.极端，最大限度
vacuum,['vækjuәm],n.真空，空间，真空吸尘器,adj.真空的，产生真空的，利用真空的,vt.用真空吸尘器打扫
vagrant,['veigrәnt],n.游民,adj.漂泊的
valiantly,[],adv.勇猛地，英勇地
valuation,[vælju'ei∫әn],n.估价，评价，计算
vanilla,[vә'nilә],n.[植]香草，香子兰
vantage,['vα:ntidӡ],n.优势，有利情况
variable,['vєәriәbl],n.[数]变数，可变物，变量,adj.可变的，不定的，易变的，[数]变量的
varnish,['vα:ni∫],n.清漆，凡立水，光泽面，掩饰,v.修饰
vat,[væt],n.(装液体的)大桶，大缸(尤指染缸),vt.装入大桶，在大桶里处理
vaudeville,['vәudәvil; -vi:l],n.歌舞杂耍
veal,[vi:l],n.小牛肉，幼小的菜牛,vt.宰小牛
vehemence,['vi:imәns],n.热烈，激烈，热心，强烈
vehement,['vi:imәnt],adj.激烈的，猛烈的，(情感)热烈的
venison,['venizn],n.野味，鹿肉
venom,['venәm],n.(蛇的)毒液，恶意，怨恨,vt.放毒，使恶毒
venomous,['venәmәs],adj.有毒的，分泌毒液的，有毒腺的，恶意的，狠毒的
ventilation,[venti'lei∫әn],n.通风，流通空气
verb,[vә:b],n.[语]动词
verbal,['vә:bәl],adj.口头的
veritable,['veritәbl],adj.真正的
Versailles,[vєә'sai; vә:'seilz],凡尔赛[法国北部城市]
vestige,['vestidӡ],n.遗迹，痕迹，残余，丝毫，[生]退化的器官
vexation,[vek'sei∫әn],n.恼怒，烦恼，着急，苦恼的原因
viceroy,['vaisroi],n.总督
vicissitude,[vi'sisitju:d],n.变迁兴衰
Victorian,[vik'to:riәn],n.维多利亚女王时代的著名人物,adj.维多利亚女王时代的，有维多利亚女王时代特色的
victual,['vitl],n.食物,vt.给...供应储备食物,vi.吃，贮藏
vigilance,['vidӡilәns],n.警戒，警惕，失眠症，警惕性
Viking,['vaikiŋ],n.海盗，北欧海盗，<口>斯堪的纳维亚人
villager,[],n.村民
viper,['vaipә],n.毒蛇，毒蛇一样的家伙，阴险人，<美俚>毒品贩子
visage,['vizidӡ],n.<书>面貌，容貌
visitation,[˛vizi'tei∫әn],n.访问，探望，正式的视察,n.[宗]天罚，天降的祸福
vista,['vistә],n.狭长的景色，街景，展望，回想
vividly,[],adv.生动地，鲜明地
vocation,[vәu'kei∫әn],n.召唤，号召，天命，天职，特殊的适应性，才能，行业，职业
vogue,[vәug],n.时尚，时髦，风气，流行，风行,adj.流行的，时髦的
vomit,['vomit],n.呕吐，呕吐物，催吐剂,vi.呕吐，大量喷出,vt.吐出，呕吐
vouchsafe,[vaut∫'seif],vt.赐予，允许
vowel,['vauәl],n.元音,adj.元音的
waft,[wα:ft; woft],v.吹送，飘荡,n.飘荡，信号
wager,['weidӡә],n.赌，赌博，赌注,vt.下赌注，保证,vi.打赌
waistcoat,['weistkәut],n.<英>背心，马甲
wallow,['wolәu],vi.打滚，<喻>沉迷，颠簸,n.打滚，泥坑，堕落
wan,[won],adj.苍白的，无血色的，病态的，暗淡的，无力的,v.(使)变苍白，(使)呈病态
wanderer,['wondәrә(r)],n.流浪者，徘徊者，迷路的动物
wanting,['wontiŋ],adj.欠缺的，没有的，不够格的,prep.缺，无
warble,['wo:bl],v.鸟鸣，用柔和的颤声唱,n.鸟啭，颤声
washer,['wo∫ә],n.洗衣人，垫圈，洗衣机，洗碗机
wasteful,['weistful],adj.浪费的，不经济的
waterproof,['wo:tәpru:f],adj.防水的，不透水的
watery,['wo:tәri],adj.水的，似水的，潮湿的，平淡的，稀薄的，松软的，水淋淋的，有雨意的
wayside,['weisaid],n.路旁,adj.路旁的
wayward,['weiwәd],adj.任性的
wed,[wed],v.娶，嫁，结婚
weeping,['wi:piŋ],n.哭泣，落泪,adj.下雨的，垂枝的，哭泣的
weld,[weld],vt.焊接,n.焊接，焊缝
well-being,['welbiiŋ],adj.康乐，安宁，福利
well-read,[wel'ri:d],adj.博学的
Welsh,[wel∫],adj.（英国）威尔士(Welsh)的
wench,[went∫],vi.通奸
whereon,[(h)wєәr'on],adv.在什么上面，(关系副词)在那上面
wherewith,[(h)wєә'wiθ],adv.用什么，用那个，以其
whichever,[(h)wit∫'evә],pron.无论那一个，任何一个
whim,[(h)wim],n.一时的兴致，幻想，反复无常，怪念头，奇想
whimper,['(h)wimpә],vi.呜咽，哀诉
whir,[wә:],n.呼呼声,vi.急速旋转,vt.使呼呼响
whisker,['hwiskә],n.腮须，胡须，扫拂者,vt.使有须，使有须状物
whistler,['(h)wislә],n.吹口哨的人，啸啸作声的东西
whit,[(h)wit],n.些微，一点点
white paper,[],白皮书(英美政府关于某一问题的官方报告)
whiten,['(h)waitn],vt.使白，变白，刷白，漂白,vi.变白
whitener,[],涂白者, 漂白者, 漂白剂
wick,[wik],n.蜡烛心，灯芯，油绳,vt.通过毛细作用带走
wildcat,['waildkæt],n.野猫，莽撞的人,adj.鲁莽的，不可靠的,vt.盲目钻探,vi.盲目开掘油井，从事非法商业活动
wile,[wail],n.诡计，阴谋，欺骗,vt.欺骗，诱骗
willful,['wilful],adj.任性的，故意的
willingness,[],n.自动自发，积极肯干
wince,[wins],v.退缩
wintry,['wintri],adj.象冬季的，寒冷的，冬天的，冷淡的
wiry,['waiәri],adj.金属丝的，金属线制的，铁丝似的，瘦长结实的，(嗓音)尖细的
wistfully,[],adv.渴望地，希望地
witchcraft,['wit∫krα:ft],n.魔法，魔力
withheld,[wið'held],vbl.withhold过去式及过去分词
withhold,[wið'hәuld],vt.使停止，拒给，保留，抑制,vi.忍住
wittily,[],adv.机智地，机敏地
woodman,[],n.樵夫，居住于森林的人，看管森林的人，伐木者
woodwork,['wudwә:k],木制品，木造部份，木工手艺
worshiper,[`wә:∫ipә(r)],n.参加礼拜者，崇拜者
worshipful,['wә:∫ipful],adj.崇拜的，可贵的，可敬的，值得尊敬的，尊贵的
wrangle,['ræŋgl],vi.争论，争吵，口角,vt.辩驳，放牧,n.口角，吵嘴
wrapping,['ræpiŋ],n.包装纸，包装材料,adj.包装用的
wrest,[rest],n.扭，拧,vt.夺取，猛扭，歪曲，曲解，费力取得
wrung,[r Λŋ],vbl.wring过去式及过去分词
yelp,[jelp],v.狗吠，(因痛而)叫喊，叫喊着说
yew,[ju:],n.紫杉，紫杉木，红豆杉
yuan,[ju:'α:n],n.元(中国货币单位)
zenith,['zeniθ],n.顶点，顶峰，天顶，最高点
zest,[zest],n.风味，强烈的兴趣，热情，热心,vt.给...调味
Zeus,[zju:s],n.[希神]宙斯
Zion,['zaiәn],n.原意：耶路撒冷的一个迦南要塞，后指锡安山,n.耶路撒冷，以色列的土地，犹太人，天国，神权政治，基督教会
zipper,['zipә],n.拉练
zoological,[˛zәuә'lodӡikәl],adj.动物学的
Aug.,[],(=August) 八月
Excellency,['eksәlәnsi],n.阁下
Tribune,['tribju:n],n.[报刊名]<<论坛报>>
Armada,[α:'mα:dә],n.(西班牙的)无敌舰队
metamorphoses,[˛metә'mo:fәsi:z],metamorphosis的复数
Hanover,['hænәvә],n.汉诺威[德国城市]
uncertainly,[Λn'sә:tnli],ad.不明确地；怀疑地
foolishness,['fu:li∫nis],n.愚蠢
steam-engine,['sti:m˛endӡin],n.蒸汽机
forgetfulness,[fә'getminot],n.健忘
Turk.,[tә:k],n.土耳其人
helplessness,['helplisnis],n.无能为力
loiterer,['loitәrә],n.混日子的人
fulfilment,[ful'filmәnt],n.完成，成就
viking,['vaikiŋ],n.海盗
peacefully,['pisfuli],ad.平静地；安宁地
tennis shoes,[˛tenis'∫u:z],n.网球鞋；跑鞋
tory,['to:ri],n.&a.保守党党员(的)
welsh,[wel∫],v.赖付赛马赌帐
leggings,['legiŋz],n.绑腿，裹腿
earnestness,['ә:nistnis],n.认真，急切；坚定
methught,[mi'θo:t],methinks的过去式
wharves,[wo:vz],wharf的复数
dangerously,['deindӡrәsli],ad.危险
pedler,['pedlә],n.小贩；(谣言)传播者
wood chopper,['wudt∫opә],n.伐木者
exceptionally,[ik'sep∫әnli],ad.异常地；极，很
water-way,['wo:tәwei],n.水道，航路
